pais_id,pais,mercado,año,mes,producto,variedad,origen,precio_usd_kg,moneda_cod,moneda
32,Argentina,Mercado Central de Buenos Aires,2017,Enero,Anana,Perola,Brasil,1.22,USD,Dolares
32,Argentina,Mercado Central de Buenos Aires,2017,Enero,Banana,Cavdich,Ecuador,0.53,USD,Dolares
32,Argentina,Mercado Central de Buenos Aires,2017,Enero,Pomelo,Star Ruby,Argentina,0.86,USD,Dolares
32,Argentina,Mercado Central de Buenos Aires,2017,Enero,Limón,Eureka,Argentina,1.52,USD,Dolares
32,Argentina,Mercado Central de Buenos Aires,2017,Enero,Manzana,Granny Smith,Argentina,1.84,USD,Dolares
32,Argentina,Mercado Central de Buenos Aires,2017,Enero,Manzana,Red Delicius,Argentina,1.46,USD,Dolares
32,Argentina,Mercado Central de Buenos Aires,2017,Enero,Mandarina,Okitzu,Argentina,0.81,USD,Dolares
32,Argentina,Mercado Central de Buenos Aires,2017,Enero,Melón,Rocio Miel,Argentina,0.85,USD,Dolares
32,Argentina,Mercado Central de Buenos Aires,2017,Enero,Naranja,Valenciana,Argentina,0.38,USD,Dolares
32,Argentina,Mercado Central de Buenos Aires,2017,Enero,Pera,Williams,Argentina,0.83,USD,Dolares
32,Argentina,Mercado Central de Buenos Aires,2017,Enero,Uva,Moscat.Bca,Argentina,1.45,USD,Dolares
32,Argentina,Mercado Central de Buenos Aires,2017,Enero,Cereza,Bing,Argentina,3.89,USD,Dolares
32,Argentina,Mercado Central de Buenos Aires,2017,Enero,Ciruela,Blackamber,Argentina,1.79,USD,Dolares
32,Argentina,Mercado Central de Buenos Aires,2017,Enero,Durazno,Eleg. Lady,Argentina,1.8,USD,Dolares
32,Argentina,Mercado Central de Buenos Aires,2017,Enero,Frutilla,s/especificar,Argentina,1.61,USD,Dolares
32,Argentina,Mercado Central de Buenos Aires,2017,Enero,Kiwi,s/especificar,Argentina,1.66,USD,Dolares
32,Argentina,Mercado Central de Buenos Aires,2017,Enero,Frambuesa,s/especificar,Argentina,,USD,Dolares
32,Argentina,Mercado Central de Buenos Aires,2017,Enero,Acelga,s/especificar,Argentina,0.45,USD,Dolares
32,Argentina,Mercado Central de Buenos Aires,2017,Enero,Ajo,Mdo. Chino,Argentina,3.48,USD,Dolares
32,Argentina,Mercado Central de Buenos Aires,2017,Enero,Albahaca,s/especificar,Argentina,0.26,USD,Dolares
32,Argentina,Mercado Central de Buenos Aires,2017,Enero,Apio,s/especificar,Argentina,1.16,USD,Dolares
32,Argentina,Mercado Central de Buenos Aires,2017,Enero,Arveja,s/especificar,Argentina,0.9,USD,Dolares
32,Argentina,Mercado Central de Buenos Aires,2017,Enero,Batata,Arapey,Brasil,0.72,USD,Dolares
32,Argentina,Mercado Central de Buenos Aires,2017,Enero,Berenjena,Vta.Med.La,Argentina,0.39,USD,Dolares
32,Argentina,Mercado Central de Buenos Aires,2017,Enero,Brocoli,s/especificar,Argentina,1.33,USD,Dolares
32,Argentina,Mercado Central de Buenos Aires,2017,Enero,Cebolla,Colorada,Argentina,0.61,USD,Dolares
32,Argentina,Mercado Central de Buenos Aires,2017,Enero,Chaucha,Esmeralda,Argentina,1.09,USD,Dolares
32,Argentina,Mercado Central de Buenos Aires,2017,Enero,Choclo,Amarillo,Argentina,0.48,USD,Dolares
32,Argentina,Mercado Central de Buenos Aires,2017,Enero,Epinaca,s/especificar,Argentina,1.7,USD,Dolares
32,Argentina,Mercado Central de Buenos Aires,2017,Enero,Lechuga,Criolla,Argentina,1.12,USD,Dolares
32,Argentina,Mercado Central de Buenos Aires,2017,Enero,Papa,Spunta,Argentina,0.42,USD,Dolares
32,Argentina,Mercado Central de Buenos Aires,2017,Enero,Pepino,s/especificar,Argentina,0.28,USD,Dolares
32,Argentina,Mercado Central de Buenos Aires,2017,Enero,Perejil,s/especificar,Argentina,0.86,USD,Dolares
32,Argentina,Mercado Central de Buenos Aires,2017,Enero,Pimiento,Morron,Argentina,0.68,USD,Dolares
32,Argentina,Mercado Central de Buenos Aires,2017,Enero,Radicheta,1er.Corte,Argentina,1.41,USD,Dolares
32,Argentina,Mercado Central de Buenos Aires,2017,Enero,Remolacha,s/especificar,Argentina,0.26,USD,Dolares
32,Argentina,Mercado Central de Buenos Aires,2017,Enero,Repollo,Blanco,Argentina,0.26,USD,Dolares
32,Argentina,Mercado Central de Buenos Aires,2017,Enero,Tomate,Cherry,Argentina,1.02,USD,Dolares
32,Argentina,Mercado Central de Buenos Aires,2017,Enero,Tomate,Perita,Argentina,0.55,USD,Dolares
32,Argentina,Mercado Central de Buenos Aires,2017,Enero,Tomate,Redondo,Argentina,0.54,USD,Dolares
32,Argentina,Mercado Central de Buenos Aires,2017,Enero,Zanahoria,Chantenay,Argentina,0.41,USD,Dolares
32,Argentina,Mercado Central de Buenos Aires,2017,Enero,Zapallito,Redondo,Argentina,0.3,USD,Dolares
32,Argentina,Mercado Central de Buenos Aires,2017,Enero,Zapallo,Anc.Cokena,Argentina,1.16,USD,Dolares
32,Argentina,Mercado Central de Buenos Aires,2017,Febrero,Anana,Perola,Brasil,1.52,USD,Dolares
32,Argentina,Mercado Central de Buenos Aires,2017,Febrero,Banana,Cavdich,Ecuador,0.87,USD,Dolares
32,Argentina,Mercado Central de Buenos Aires,2017,Febrero,Pomelo,Star Ruby,Argentina,1.16,USD,Dolares
32,Argentina,Mercado Central de Buenos Aires,2017,Febrero,Limón,Eureka,Argentina,1.47,USD,Dolares
32,Argentina,Mercado Central de Buenos Aires,2017,Febrero,Manzana,Granny Smith,Argentina,1.93,USD,Dolares
32,Argentina,Mercado Central de Buenos Aires,2017,Febrero,Manzana,Red Delicius,Argentina,1.38,USD,Dolares
32,Argentina,Mercado Central de Buenos Aires,2017,Febrero,Mandarina,Okitzu,Argentina,0.56,USD,Dolares
32,Argentina,Mercado Central de Buenos Aires,2017,Febrero,Melón,Rocio Miel,Argentina,0.9,USD,Dolares
32,Argentina,Mercado Central de Buenos Aires,2017,Febrero,Naranja,Valenciana,Argentina,0.29,USD,Dolares
32,Argentina,Mercado Central de Buenos Aires,2017,Febrero,Pera,Williams,Argentina,0.77,USD,Dolares
32,Argentina,Mercado Central de Buenos Aires,2017,Febrero,Uva,Moscat.Bca,Argentina,1.47,USD,Dolares
32,Argentina,Mercado Central de Buenos Aires,2017,Febrero,Cereza,Bing,Argentina,5.12,USD,Dolares
32,Argentina,Mercado Central de Buenos Aires,2017,Febrero,Ciruela,Blackamber,Argentina,1.97,USD,Dolares
32,Argentina,Mercado Central de Buenos Aires,2017,Febrero,Durazno,Eleg. Lady,Argentina,1.41,USD,Dolares
32,Argentina,Mercado Central de Buenos Aires,2017,Febrero,Frutilla,s/especificar,Argentina,1.96,USD,Dolares
32,Argentina,Mercado Central de Buenos Aires,2017,Febrero,Kiwi,s/especificar,Argentina,1.6,USD,Dolares
32,Argentina,Mercado Central de Buenos Aires,2017,Febrero,Frambuesa,s/especificar,Argentina,9.29,USD,Dolares
32,Argentina,Mercado Central de Buenos Aires,2017,Febrero,Acelga,s/especificar,Argentina,0.65,USD,Dolares
32,Argentina,Mercado Central de Buenos Aires,2017,Febrero,Ajo,Mdo. Chino,Argentina,3.54,USD,Dolares
32,Argentina,Mercado Central de Buenos Aires,2017,Febrero,Albahaca,s/especificar,Argentina,0.27,USD,Dolares
32,Argentina,Mercado Central de Buenos Aires,2017,Febrero,Apio,s/especificar,Argentina,1.2,USD,Dolares
32,Argentina,Mercado Central de Buenos Aires,2017,Febrero,Arveja,s/especificar,Argentina,0.9,USD,Dolares
32,Argentina,Mercado Central de Buenos Aires,2017,Febrero,Batata,Arapey,Brasil,0.67,USD,Dolares
32,Argentina,Mercado Central de Buenos Aires,2017,Febrero,Berenjena,Vta.Med.La,Argentina,0.41,USD,Dolares
32,Argentina,Mercado Central de Buenos Aires,2017,Febrero,Brocoli,s/especificar,Argentina,1.57,USD,Dolares
32,Argentina,Mercado Central de Buenos Aires,2017,Febrero,Cebolla,Colorada,Argentina,0.6,USD,Dolares
32,Argentina,Mercado Central de Buenos Aires,2017,Febrero,Chaucha,Esmeralda,Argentina,0.89,USD,Dolares
32,Argentina,Mercado Central de Buenos Aires,2017,Febrero,Choclo,Amarillo,Argentina,0.38,USD,Dolares
32,Argentina,Mercado Central de Buenos Aires,2017,Febrero,Epinaca,s/especificar,Argentina,1.63,USD,Dolares
32,Argentina,Mercado Central de Buenos Aires,2017,Febrero,Lechuga,Criolla,Argentina,1.08,USD,Dolares
32,Argentina,Mercado Central de Buenos Aires,2017,Febrero,Papa,Spunta,Argentina,0.46,USD,Dolares
32,Argentina,Mercado Central de Buenos Aires,2017,Febrero,Pepino,s/especificar,Argentina,0.29,USD,Dolares
32,Argentina,Mercado Central de Buenos Aires,2017,Febrero,Perejil,s/especificar,Argentina,0.74,USD,Dolares
32,Argentina,Mercado Central de Buenos Aires,2017,Febrero,Pimiento,Morron,Argentina,0.96,USD,Dolares
32,Argentina,Mercado Central de Buenos Aires,2017,Febrero,Radicheta,1er.Corte,Argentina,1.39,USD,Dolares
32,Argentina,Mercado Central de Buenos Aires,2017,Febrero,Remolacha,s/especificar,Argentina,0.27,USD,Dolares
32,Argentina,Mercado Central de Buenos Aires,2017,Febrero,Repollo,Blanco,Argentina,0.21,USD,Dolares
32,Argentina,Mercado Central de Buenos Aires,2017,Febrero,Tomate,Cherry,Argentina,1.85,USD,Dolares
32,Argentina,Mercado Central de Buenos Aires,2017,Febrero,Tomate,Perita,Argentina,0.67,USD,Dolares
32,Argentina,Mercado Central de Buenos Aires,2017,Febrero,Tomate,Redondo,Argentina,0.71,USD,Dolares
32,Argentina,Mercado Central de Buenos Aires,2017,Febrero,Zanahoria,Chantenay,Argentina,0.38,USD,Dolares
32,Argentina,Mercado Central de Buenos Aires,2017,Febrero,Zapallito,Redondo,Argentina,0.28,USD,Dolares
32,Argentina,Mercado Central de Buenos Aires,2017,Febrero,Zapallo,Anc.Cokena,Argentina,0.33,USD,Dolares
32,Argentina,Mercado Central de Buenos Aires,2017,Marzo,Anana,Perola,Brasil,1.4,USD,Dolares
32,Argentina,Mercado Central de Buenos Aires,2017,Marzo,Banana,Cavdich,Ecuador,0.89,USD,Dolares
32,Argentina,Mercado Central de Buenos Aires,2017,Marzo,Pomelo,Star Ruby,Argentina,0.99,USD,Dolares
32,Argentina,Mercado Central de Buenos Aires,2017,Marzo,Limón,Eureka,Argentina,0.96,USD,Dolares
32,Argentina,Mercado Central de Buenos Aires,2017,Marzo,Manzana,Granny Smith,Argentina,1.15,USD,Dolares
32,Argentina,Mercado Central de Buenos Aires,2017,Marzo,Manzana,Red Delicius,Argentina,1.25,USD,Dolares
32,Argentina,Mercado Central de Buenos Aires,2017,Marzo,Mandarina,Okitzu,Argentina,0.36,USD,Dolares
32,Argentina,Mercado Central de Buenos Aires,2017,Marzo,Melón,Rocio Miel,Argentina,0.99,USD,Dolares
32,Argentina,Mercado Central de Buenos Aires,2017,Marzo,Naranja,Valenciana,Argentina,0.4,USD,Dolares
32,Argentina,Mercado Central de Buenos Aires,2017,Marzo,Pera,Williams,Argentina,0.64,USD,Dolares
32,Argentina,Mercado Central de Buenos Aires,2017,Marzo,Uva,Moscat.Bca,Argentina,1.17,USD,Dolares
32,Argentina,Mercado Central de Buenos Aires,2017,Marzo,Cereza,Bing,Argentina,7.56,USD,Dolares
32,Argentina,Mercado Central de Buenos Aires,2017,Marzo,Ciruela,Blackamber,Argentina,1.68,USD,Dolares
32,Argentina,Mercado Central de Buenos Aires,2017,Marzo,Durazno,Eleg. Lady,Argentina,1.79,USD,Dolares
32,Argentina,Mercado Central de Buenos Aires,2017,Marzo,Frutilla,s/especificar,Argentina,5.72,USD,Dolares
32,Argentina,Mercado Central de Buenos Aires,2017,Marzo,Kiwi,s/especificar,Argentina,2.44,USD,Dolares
32,Argentina,Mercado Central de Buenos Aires,2017,Marzo,Frambuesa,s/especificar,Argentina,8.79,USD,Dolares
32,Argentina,Mercado Central de Buenos Aires,2017,Marzo,Acelga,s/especificar,Argentina,0.83,USD,Dolares
32,Argentina,Mercado Central de Buenos Aires,2017,Marzo,Ajo,Mdo. Chino,Argentina,3.35,USD,Dolares
32,Argentina,Mercado Central de Buenos Aires,2017,Marzo,Albahaca,s/especificar,Argentina,0.37,USD,Dolares
32,Argentina,Mercado Central de Buenos Aires,2017,Marzo,Apio,s/especificar,Argentina,2.03,USD,Dolares
32,Argentina,Mercado Central de Buenos Aires,2017,Marzo,Arveja,s/especificar,Argentina,1.15,USD,Dolares
32,Argentina,Mercado Central de Buenos Aires,2017,Marzo,Batata,Arapey,Brasil,0.6,USD,Dolares
32,Argentina,Mercado Central de Buenos Aires,2017,Marzo,Berenjena,Vta.Med.La,Argentina,0.4,USD,Dolares
32,Argentina,Mercado Central de Buenos Aires,2017,Marzo,Brocoli,s/especificar,Argentina,1.6,USD,Dolares
32,Argentina,Mercado Central de Buenos Aires,2017,Marzo,Cebolla,Colorada,Argentina,0.58,USD,Dolares
32,Argentina,Mercado Central de Buenos Aires,2017,Marzo,Chaucha,Esmeralda,Argentina,0.7,USD,Dolares
32,Argentina,Mercado Central de Buenos Aires,2017,Marzo,Choclo,Amarillo,Argentina,0.5,USD,Dolares
32,Argentina,Mercado Central de Buenos Aires,2017,Marzo,Epinaca,s/especificar,Argentina,2.42,USD,Dolares
32,Argentina,Mercado Central de Buenos Aires,2017,Marzo,Lechuga,Criolla,Argentina,1.21,USD,Dolares
32,Argentina,Mercado Central de Buenos Aires,2017,Marzo,Papa,Spunta,Argentina,0.45,USD,Dolares
32,Argentina,Mercado Central de Buenos Aires,2017,Marzo,Pepino,s/especificar,Argentina,0.41,USD,Dolares
32,Argentina,Mercado Central de Buenos Aires,2017,Marzo,Perejil,s/especificar,Argentina,1.57,USD,Dolares
32,Argentina,Mercado Central de Buenos Aires,2017,Marzo,Pimiento,Morron,Argentina,1.45,USD,Dolares
32,Argentina,Mercado Central de Buenos Aires,2017,Marzo,Radicheta,1er.Corte,Argentina,2.07,USD,Dolares
32,Argentina,Mercado Central de Buenos Aires,2017,Marzo,Remolacha,s/especificar,Argentina,0.32,USD,Dolares
32,Argentina,Mercado Central de Buenos Aires,2017,Marzo,Repollo,Blanco,Argentina,0.34,USD,Dolares
32,Argentina,Mercado Central de Buenos Aires,2017,Marzo,Tomate,Cherry,Argentina,2.55,USD,Dolares
32,Argentina,Mercado Central de Buenos Aires,2017,Marzo,Tomate,Perita,Argentina,0.74,USD,Dolares
32,Argentina,Mercado Central de Buenos Aires,2017,Marzo,Tomate,Redondo,Argentina,0.71,USD,Dolares
32,Argentina,Mercado Central de Buenos Aires,2017,Marzo,Zanahoria,Chantenay,Argentina,0.42,USD,Dolares
32,Argentina,Mercado Central de Buenos Aires,2017,Marzo,Zapallito,Redondo,Argentina,0.38,USD,Dolares
32,Argentina,Mercado Central de Buenos Aires,2017,Marzo,Zapallo,Anc.Cokena,Argentina,0.36,USD,Dolares
32,Argentina,Mercado Central de Buenos Aires,2017,Abril,Anana,Perola,Brasil,,USD,Dolares
32,Argentina,Mercado Central de Buenos Aires,2017,Abril,Banana,Cavdich,Ecuador,0.86,USD,Dolares
32,Argentina,Mercado Central de Buenos Aires,2017,Abril,Pomelo,Star Ruby,Argentina,,USD,Dolares
32,Argentina,Mercado Central de Buenos Aires,2017,Abril,Limón,Eureka,Argentina,0.79,USD,Dolares
32,Argentina,Mercado Central de Buenos Aires,2017,Abril,Manzana,Granny Smith,Argentina,1.19,USD,Dolares
32,Argentina,Mercado Central de Buenos Aires,2017,Abril,Manzana,Red Delicius,Argentina,1.56,USD,Dolares
32,Argentina,Mercado Central de Buenos Aires,2017,Abril,Mandarina,Okitzu,Argentina,0.32,USD,Dolares
32,Argentina,Mercado Central de Buenos Aires,2017,Abril,Melón,Rocio Miel,Argentina,1.08,USD,Dolares
32,Argentina,Mercado Central de Buenos Aires,2017,Abril,Naranja,Valenciana,Argentina,0.42,USD,Dolares
32,Argentina,Mercado Central de Buenos Aires,2017,Abril,Pera,Williams,Argentina,0.64,USD,Dolares
32,Argentina,Mercado Central de Buenos Aires,2017,Abril,Uva,Moscat.Bca,Argentina,1.25,USD,Dolares
32,Argentina,Mercado Central de Buenos Aires,2017,Abril,Cereza,Bing,Argentina,,USD,Dolares
32,Argentina,Mercado Central de Buenos Aires,2017,Abril,Ciruela,Blackamber,Argentina,1.67,USD,Dolares
32,Argentina,Mercado Central de Buenos Aires,2017,Abril,Durazno,Eleg. Lady,Argentina,,USD,Dolares
32,Argentina,Mercado Central de Buenos Aires,2017,Abril,Frutilla,s/especificar,Argentina,6.97,USD,Dolares
32,Argentina,Mercado Central de Buenos Aires,2017,Abril,Kiwi,s/especificar,Argentina,1.54,USD,Dolares
32,Argentina,Mercado Central de Buenos Aires,2017,Abril,Frambuesa,s/especificar,Argentina,10.42,USD,Dolares
32,Argentina,Mercado Central de Buenos Aires,2017,Abril,Acelga,s/especificar,Argentina,0.61,USD,Dolares
32,Argentina,Mercado Central de Buenos Aires,2017,Abril,Ajo,Mdo. Chino,Argentina,3.33,USD,Dolares
32,Argentina,Mercado Central de Buenos Aires,2017,Abril,Albahaca,s/especificar,Argentina,0.44,USD,Dolares
32,Argentina,Mercado Central de Buenos Aires,2017,Abril,Apio,s/especificar,Argentina,1.77,USD,Dolares
32,Argentina,Mercado Central de Buenos Aires,2017,Abril,Arveja,s/especificar,Argentina,1.94,USD,Dolares
32,Argentina,Mercado Central de Buenos Aires,2017,Abril,Batata,Arapey,Brasil,0.61,USD,Dolares
32,Argentina,Mercado Central de Buenos Aires,2017,Abril,Berenjena,Vta.Med.La,Argentina,0.44,USD,Dolares
32,Argentina,Mercado Central de Buenos Aires,2017,Abril,Brocoli,s/especificar,Argentina,1.59,USD,Dolares
32,Argentina,Mercado Central de Buenos Aires,2017,Abril,Cebolla,Colorada,Argentina,0.6,USD,Dolares
32,Argentina,Mercado Central de Buenos Aires,2017,Abril,Chaucha,Esmeralda,Argentina,1.28,USD,Dolares
32,Argentina,Mercado Central de Buenos Aires,2017,Abril,Choclo,Amarillo,Argentina,0.45,USD,Dolares
32,Argentina,Mercado Central de Buenos Aires,2017,Abril,Epinaca,s/especificar,Argentina,1.25,USD,Dolares
32,Argentina,Mercado Central de Buenos Aires,2017,Abril,Lechuga,Criolla,Argentina,0.72,USD,Dolares
32,Argentina,Mercado Central de Buenos Aires,2017,Abril,Papa,Spunta,Argentina,0.47,USD,Dolares
32,Argentina,Mercado Central de Buenos Aires,2017,Abril,Pepino,s/especificar,Argentina,0.36,USD,Dolares
32,Argentina,Mercado Central de Buenos Aires,2017,Abril,Perejil,s/especificar,Argentina,1.98,USD,Dolares
32,Argentina,Mercado Central de Buenos Aires,2017,Abril,Pimiento,Morron,Argentina,1.81,USD,Dolares
32,Argentina,Mercado Central de Buenos Aires,2017,Abril,Radicheta,1er.Corte,Argentina,1.49,USD,Dolares
32,Argentina,Mercado Central de Buenos Aires,2017,Abril,Remolacha,s/especificar,Argentina,0.41,USD,Dolares
32,Argentina,Mercado Central de Buenos Aires,2017,Abril,Repollo,Blanco,Argentina,0.45,USD,Dolares
32,Argentina,Mercado Central de Buenos Aires,2017,Abril,Tomate,Cherry,Argentina,2.12,USD,Dolares
32,Argentina,Mercado Central de Buenos Aires,2017,Abril,Tomate,Perita,Argentina,0.8,USD,Dolares
32,Argentina,Mercado Central de Buenos Aires,2017,Abril,Tomate,Redondo,Argentina,0.84,USD,Dolares
32,Argentina,Mercado Central de Buenos Aires,2017,Abril,Zanahoria,Chantenay,Argentina,0.71,USD,Dolares
32,Argentina,Mercado Central de Buenos Aires,2017,Abril,Zapallito,Redondo,Argentina,0.45,USD,Dolares
32,Argentina,Mercado Central de Buenos Aires,2017,Abril,Zapallo,Anc.Cokena,Argentina,0.37,USD,Dolares
32,Argentina,Mercado Central de Buenos Aires,2017,Mayo,Anana,Perola,Brasil,1.44,USD,Dolares
32,Argentina,Mercado Central de Buenos Aires,2017,Mayo,Banana,Cavdich,Ecuador,0.9,USD,Dolares
32,Argentina,Mercado Central de Buenos Aires,2017,Mayo,Pomelo,Star Ruby,Argentina,0.68,USD,Dolares
32,Argentina,Mercado Central de Buenos Aires,2017,Mayo,Limón,Eureka,Argentina,0.65,USD,Dolares
32,Argentina,Mercado Central de Buenos Aires,2017,Mayo,Manzana,Granny Smith,Argentina,1.15,USD,Dolares
32,Argentina,Mercado Central de Buenos Aires,2017,Mayo,Manzana,Red Delicius,Argentina,1.66,USD,Dolares
32,Argentina,Mercado Central de Buenos Aires,2017,Mayo,Mandarina,Okitzu,Argentina,0.29,USD,Dolares
32,Argentina,Mercado Central de Buenos Aires,2017,Mayo,Melón,Rocio Miel,Argentina,1.07,USD,Dolares
32,Argentina,Mercado Central de Buenos Aires,2017,Mayo,Naranja,Valenciana,Argentina,0.37,USD,Dolares
32,Argentina,Mercado Central de Buenos Aires,2017,Mayo,Pera,Williams,Argentina,0.89,USD,Dolares
32,Argentina,Mercado Central de Buenos Aires,2017,Mayo,Uva,Moscat.Bca,Argentina,1.23,USD,Dolares
32,Argentina,Mercado Central de Buenos Aires,2017,Mayo,PALTA,Hass,Chile,4.14,USD,Dolares
32,Argentina,Mercado Central de Buenos Aires,2017,Mayo,Ciruela,Blackamber,Argentina,1.9,USD,Dolares
32,Argentina,Mercado Central de Buenos Aires,2017,Mayo,Durazno,Eleg. Lady,Argentina,,USD,Dolares
32,Argentina,Mercado Central de Buenos Aires,2017,Mayo,Frutilla,s/especificar,Argentina,10.14,USD,Dolares
32,Argentina,Mercado Central de Buenos Aires,2017,Mayo,Kiwi,s/especificar,Argentina,1.47,USD,Dolares
32,Argentina,Mercado Central de Buenos Aires,2017,Mayo,Frambuesa,s/especificar,Argentina,11.23,USD,Dolares
32,Argentina,Mercado Central de Buenos Aires,2017,Mayo,Acelga,s/especificar,Argentina,0.38,USD,Dolares
32,Argentina,Mercado Central de Buenos Aires,2017,Mayo,Ajo,Colorado,Argentina,3.34,USD,Dolares
32,Argentina,Mercado Central de Buenos Aires,2017,Mayo,Albahaca,s/especificar,Argentina,0.25,USD,Dolares
32,Argentina,Mercado Central de Buenos Aires,2017,Mayo,Apio,s/especificar,Argentina,2.02,USD,Dolares
32,Argentina,Mercado Central de Buenos Aires,2017,Mayo,Arveja,s/especificar,Argentina,1.62,USD,Dolares
32,Argentina,Mercado Central de Buenos Aires,2017,Mayo,Batata,Arapey,Brasil,0.47,USD,Dolares
32,Argentina,Mercado Central de Buenos Aires,2017,Mayo,Berenjena,Vta.Med.La,Argentina,0.43,USD,Dolares
32,Argentina,Mercado Central de Buenos Aires,2017,Mayo,Brocoli,s/especificar,Argentina,1.67,USD,Dolares
32,Argentina,Mercado Central de Buenos Aires,2017,Mayo,Cebolla,Colorada,Argentina,0.57,USD,Dolares
32,Argentina,Mercado Central de Buenos Aires,2017,Mayo,Chaucha,Esmeralda,Argentina,0.88,USD,Dolares
32,Argentina,Mercado Central de Buenos Aires,2017,Mayo,Choclo,Amarillo,Argentina,0.36,USD,Dolares
32,Argentina,Mercado Central de Buenos Aires,2017,Mayo,Epinaca,s/especificar,Argentina,1.59,USD,Dolares
32,Argentina,Mercado Central de Buenos Aires,2017,Mayo,Lechuga,Criolla,Argentina,0.41,USD,Dolares
32,Argentina,Mercado Central de Buenos Aires,2017,Mayo,Papa,Spunta,Argentina,0.45,USD,Dolares
32,Argentina,Mercado Central de Buenos Aires,2017,Mayo,Pepino,s/especificar,Argentina,0.35,USD,Dolares
32,Argentina,Mercado Central de Buenos Aires,2017,Mayo,Perejil,s/especificar,Argentina,1.33,USD,Dolares
32,Argentina,Mercado Central de Buenos Aires,2017,Mayo,Pimiento,Morron,Argentina,1.42,USD,Dolares
32,Argentina,Mercado Central de Buenos Aires,2017,Mayo,Radicheta,1er.Corte,Argentina,1.58,USD,Dolares
32,Argentina,Mercado Central de Buenos Aires,2017,Mayo,Remolacha,s/especificar,Argentina,0.34,USD,Dolares
32,Argentina,Mercado Central de Buenos Aires,2017,Mayo,Repollo,Blanco,Argentina,0.38,USD,Dolares
32,Argentina,Mercado Central de Buenos Aires,2017,Mayo,Tomate,Cherry,Argentina,1.41,USD,Dolares
32,Argentina,Mercado Central de Buenos Aires,2017,Mayo,Tomate,Perita,Argentina,0.73,USD,Dolares
32,Argentina,Mercado Central de Buenos Aires,2017,Mayo,Tomate,Redondo,Argentina,0.69,USD,Dolares
32,Argentina,Mercado Central de Buenos Aires,2017,Mayo,Zanahoria,Chantenay,Argentina,0.54,USD,Dolares
32,Argentina,Mercado Central de Buenos Aires,2017,Mayo,Zapallito,Redondo,Argentina,0.45,USD,Dolares
32,Argentina,Mercado Central de Buenos Aires,2017,Mayo,Zapallo,Anc.Cokena,Argentina,0.36,USD,Dolares
32,Argentina,Mercado Central de Buenos Aires,2017,Junio,Anana,Perola,Brasil,1.27,USD,Dolares
32,Argentina,Mercado Central de Buenos Aires,2017,Junio,Banana,Cavdich,Ecuador,0.76,USD,Dolares
32,Argentina,Mercado Central de Buenos Aires,2017,Junio,Pomelo,Star Ruby,Argentina,0.51,USD,Dolares
32,Argentina,Mercado Central de Buenos Aires,2017,Junio,Limón,Eureka,Argentina,0.76,USD,Dolares
32,Argentina,Mercado Central de Buenos Aires,2017,Junio,Manzana,Granny Smith,Argentina,1.1,USD,Dolares
32,Argentina,Mercado Central de Buenos Aires,2017,Junio,Manzana,Red Delicius,Argentina,1.26,USD,Dolares
32,Argentina,Mercado Central de Buenos Aires,2017,Junio,Mandarina,Okitzu,Argentina,0.31,USD,Dolares
32,Argentina,Mercado Central de Buenos Aires,2017,Junio,Melón,Rocio Miel,Argentina,1.19,USD,Dolares
32,Argentina,Mercado Central de Buenos Aires,2017,Junio,Naranja,Valenciana,Argentina,0.41,USD,Dolares
32,Argentina,Mercado Central de Buenos Aires,2017,Junio,Pera,Williams,Argentina,0.82,USD,Dolares
32,Argentina,Mercado Central de Buenos Aires,2017,Junio,Uva,Moscat.Bca,Argentina,2.05,USD,Dolares
32,Argentina,Mercado Central de Buenos Aires,2017,Junio,PALTA,Hass,Chile,4.09,USD,Dolares
32,Argentina,Mercado Central de Buenos Aires,2017,Junio,Ciruela,Blackamber,Argentina,2.09,USD,Dolares
32,Argentina,Mercado Central de Buenos Aires,2017,Junio,Durazno,Eleg. Lady,Argentina,1.24,USD,Dolares
32,Argentina,Mercado Central de Buenos Aires,2017,Junio,Frutilla,s/especificar,Argentina,5.68,USD,Dolares
32,Argentina,Mercado Central de Buenos Aires,2017,Junio,Kiwi,s/especificar,Argentina,1.92,USD,Dolares
32,Argentina,Mercado Central de Buenos Aires,2017,Junio,Frambuesa,s/especificar,Argentina,10.04,USD,Dolares
32,Argentina,Mercado Central de Buenos Aires,2017,Junio,Acelga,s/especificar,Argentina,0.23,USD,Dolares
32,Argentina,Mercado Central de Buenos Aires,2017,Junio,Ajo,Colorado,Argentina,3.05,USD,Dolares
32,Argentina,Mercado Central de Buenos Aires,2017,Junio,Albahaca,s/especificar,Argentina,0.23,USD,Dolares
32,Argentina,Mercado Central de Buenos Aires,2017,Junio,Apio,s/especificar,Argentina,1.86,USD,Dolares
32,Argentina,Mercado Central de Buenos Aires,2017,Junio,Arveja,s/especificar,Argentina,1.59,USD,Dolares
32,Argentina,Mercado Central de Buenos Aires,2017,Junio,Batata,Arapey,Brasil,0.44,USD,Dolares
32,Argentina,Mercado Central de Buenos Aires,2017,Junio,Berenjena,Vta.Med.La,Argentina,0.39,USD,Dolares
32,Argentina,Mercado Central de Buenos Aires,2017,Junio,Brocoli,s/especificar,Argentina,1.54,USD,Dolares
32,Argentina,Mercado Central de Buenos Aires,2017,Junio,Cebolla,Colorada,Argentina,0.53,USD,Dolares
32,Argentina,Mercado Central de Buenos Aires,2017,Junio,Chaucha,Esmeralda,Argentina,0.81,USD,Dolares
32,Argentina,Mercado Central de Buenos Aires,2017,Junio,Choclo,Amarillo,Argentina,0.81,USD,Dolares
32,Argentina,Mercado Central de Buenos Aires,2017,Junio,Epinaca,s/especificar,Argentina,1.46,USD,Dolares
32,Argentina,Mercado Central de Buenos Aires,2017,Junio,Lechuga,Criolla,Argentina,0.47,USD,Dolares
32,Argentina,Mercado Central de Buenos Aires,2017,Junio,Papa,Spunta,Argentina,0.42,USD,Dolares
32,Argentina,Mercado Central de Buenos Aires,2017,Junio,Pepino,s/especificar,Argentina,0.66,USD,Dolares
32,Argentina,Mercado Central de Buenos Aires,2017,Junio,Perejil,s/especificar,Argentina,1.41,USD,Dolares
32,Argentina,Mercado Central de Buenos Aires,2017,Junio,Pimiento,Morron,Argentina,1.31,USD,Dolares
32,Argentina,Mercado Central de Buenos Aires,2017,Junio,Radicheta,1er.Corte,Argentina,1.46,USD,Dolares
32,Argentina,Mercado Central de Buenos Aires,2017,Junio,Remolacha,s/especificar,Argentina,0.31,USD,Dolares
32,Argentina,Mercado Central de Buenos Aires,2017,Junio,Repollo,Blanco,Argentina,0.35,USD,Dolares
32,Argentina,Mercado Central de Buenos Aires,2017,Junio,Tomate,Cherry,Argentina,1.5,USD,Dolares
32,Argentina,Mercado Central de Buenos Aires,2017,Junio,Tomate,Perita,Argentina,0.67,USD,Dolares
32,Argentina,Mercado Central de Buenos Aires,2017,Junio,Tomate,Redondo,Argentina,0.7,USD,Dolares
32,Argentina,Mercado Central de Buenos Aires,2017,Junio,Zanahoria,Chantenay,Argentina,0.46,USD,Dolares
32,Argentina,Mercado Central de Buenos Aires,2017,Junio,Zapallito,Redondo,Argentina,0.5,USD,Dolares
32,Argentina,Mercado Central de Buenos Aires,2017,Junio,Zapallo,Anc.Cokena,Argentina,0.34,USD,Dolares
32,Argentina,Mercado Central de Buenos Aires,2017,Julio,Anana,Perola,Brasil,1.17,USD,Dolares
32,Argentina,Mercado Central de Buenos Aires,2017,Julio,Banana,Cavdich,Ecuador,0.59,USD,Dolares
32,Argentina,Mercado Central de Buenos Aires,2017,Julio,Pomelo,Star Ruby,Argentina,,USD,Dolares
32,Argentina,Mercado Central de Buenos Aires,2017,Julio,Limón,Eureka,Argentina,0.45,USD,Dolares
32,Argentina,Mercado Central de Buenos Aires,2017,Julio,Manzana,Granny Smith,Argentina,1.13,USD,Dolares
32,Argentina,Mercado Central de Buenos Aires,2017,Julio,Manzana,Red Delicius,Argentina,1.4,USD,Dolares
32,Argentina,Mercado Central de Buenos Aires,2017,Julio,Mandarina,Okitzu,Argentina,0.41,USD,Dolares
32,Argentina,Mercado Central de Buenos Aires,2017,Julio,Melón,Rocio Miel,Argentina,1.18,USD,Dolares
32,Argentina,Mercado Central de Buenos Aires,2017,Julio,Naranja,Valenciana,Argentina,0.42,USD,Dolares
32,Argentina,Mercado Central de Buenos Aires,2017,Julio,Pera,Williams,Argentina,0.57,USD,Dolares
32,Argentina,Mercado Central de Buenos Aires,2017,Julio,Uva,Moscat.Bca,Argentina,2.32,USD,Dolares
32,Argentina,Mercado Central de Buenos Aires,2017,Julio,PALTA,Hass,Chile,4.62,USD,Dolares
32,Argentina,Mercado Central de Buenos Aires,2017,Julio,Ciruela,Blackamber,Argentina,,USD,Dolares
32,Argentina,Mercado Central de Buenos Aires,2017,Julio,Durazno,Eleg. Lady,Argentina,3.92,USD,Dolares
32,Argentina,Mercado Central de Buenos Aires,2017,Julio,Frutilla,s/especificar,Argentina,4.49,USD,Dolares
32,Argentina,Mercado Central de Buenos Aires,2017,Julio,Kiwi,s/especificar,Argentina,1.56,USD,Dolares
32,Argentina,Mercado Central de Buenos Aires,2017,Julio,Frambuesa,s/especificar,Argentina,,USD,Dolares
32,Argentina,Mercado Central de Buenos Aires,2017,Julio,Acelga,s/especificar,Argentina,0.46,USD,Dolares
32,Argentina,Mercado Central de Buenos Aires,2017,Julio,Ajo,Colorado,Argentina,3.13,USD,Dolares
32,Argentina,Mercado Central de Buenos Aires,2017,Julio,Albahaca,s/especificar,Argentina,0.4,USD,Dolares
32,Argentina,Mercado Central de Buenos Aires,2017,Julio,Apio,s/especificar,Argentina,1.64,USD,Dolares
32,Argentina,Mercado Central de Buenos Aires,2017,Julio,Arveja,s/especificar,Argentina,1.58,USD,Dolares
32,Argentina,Mercado Central de Buenos Aires,2017,Julio,Batata,Arapey,Brasil,0.47,USD,Dolares
32,Argentina,Mercado Central de Buenos Aires,2017,Julio,Berenjena,Vta.Med.La,Argentina,0.49,USD,Dolares
32,Argentina,Mercado Central de Buenos Aires,2017,Julio,Brocoli,s/especificar,Argentina,1.92,USD,Dolares
32,Argentina,Mercado Central de Buenos Aires,2017,Julio,Cebolla,Colorada,Argentina,0.51,USD,Dolares
32,Argentina,Mercado Central de Buenos Aires,2017,Julio,Chaucha,Esmeralda,Argentina,0.82,USD,Dolares
32,Argentina,Mercado Central de Buenos Aires,2017,Julio,Choclo,Amarillo,Argentina,0.82,USD,Dolares
32,Argentina,Mercado Central de Buenos Aires,2017,Julio,Epinaca,s/especificar,Argentina,1.28,USD,Dolares
32,Argentina,Mercado Central de Buenos Aires,2017,Julio,Lechuga,Criolla,Argentina,0.7,USD,Dolares
32,Argentina,Mercado Central de Buenos Aires,2017,Julio,Papa,Spunta,Argentina,0.39,USD,Dolares
32,Argentina,Mercado Central de Buenos Aires,2017,Julio,Pepino,s/especificar,Argentina,0.71,USD,Dolares
32,Argentina,Mercado Central de Buenos Aires,2017,Julio,Perejil,s/especificar,Argentina,1.05,USD,Dolares
32,Argentina,Mercado Central de Buenos Aires,2017,Julio,Pimiento,Morron,Argentina,1.6,USD,Dolares
32,Argentina,Mercado Central de Buenos Aires,2017,Julio,Radicheta,1er.Corte,Argentina,1.93,USD,Dolares
32,Argentina,Mercado Central de Buenos Aires,2017,Julio,Remolacha,s/especificar,Argentina,0.31,USD,Dolares
32,Argentina,Mercado Central de Buenos Aires,2017,Julio,Repollo,Blanco,Argentina,0.26,USD,Dolares
32,Argentina,Mercado Central de Buenos Aires,2017,Julio,Tomate,Cherry,Argentina,1.28,USD,Dolares
32,Argentina,Mercado Central de Buenos Aires,2017,Julio,Tomate,Perita,Argentina,0.65,USD,Dolares
32,Argentina,Mercado Central de Buenos Aires,2017,Julio,Tomate,Redondo,Argentina,0.84,USD,Dolares
32,Argentina,Mercado Central de Buenos Aires,2017,Julio,Zanahoria,Chantenay,Argentina,0.49,USD,Dolares
32,Argentina,Mercado Central de Buenos Aires,2017,Julio,Zapallito,Redondo,Argentina,0.44,USD,Dolares
32,Argentina,Mercado Central de Buenos Aires,2017,Julio,Zapallo,Anc.Cokena,Argentina,0.34,USD,Dolares
32,Argentina,Mercado Central de Buenos Aires,2017,Agosto,Anana,Perola,Brasil,0.29,USD,Dolares
32,Argentina,Mercado Central de Buenos Aires,2017,Agosto,Banana,Cavdich,Ecuador,0.75,USD,Dolares
32,Argentina,Mercado Central de Buenos Aires,2017,Agosto,Pomelo,Star Ruby,Argentina,0.41,USD,Dolares
32,Argentina,Mercado Central de Buenos Aires,2017,Agosto,Limón,Eureka,Argentina,0.47,USD,Dolares
32,Argentina,Mercado Central de Buenos Aires,2017,Agosto,Manzana,Granny Smith,Argentina,0.66,USD,Dolares
32,Argentina,Mercado Central de Buenos Aires,2017,Agosto,Manzana,Red Delicius,Argentina,1.87,USD,Dolares
32,Argentina,Mercado Central de Buenos Aires,2017,Agosto,Mandarina,Okitzu,Argentina,0.4,USD,Dolares
32,Argentina,Mercado Central de Buenos Aires,2017,Agosto,Melón,Rocio Miel,Argentina,,USD,Dolares
32,Argentina,Mercado Central de Buenos Aires,2017,Agosto,Naranja,Valenciana,Argentina,0.37,USD,Dolares
32,Argentina,Mercado Central de Buenos Aires,2017,Agosto,Pera,Williams,Argentina,1.15,USD,Dolares
32,Argentina,Mercado Central de Buenos Aires,2017,Agosto,Uva,Moscat.Bca,Argentina,2.5,USD,Dolares
32,Argentina,Mercado Central de Buenos Aires,2017,Agosto,PALTA,Hass,Chile,5.25,USD,Dolares
32,Argentina,Mercado Central de Buenos Aires,2017,Agosto,Ciruela,Blackamber,Argentina,,USD,Dolares
32,Argentina,Mercado Central de Buenos Aires,2017,Agosto,Durazno,Eleg. Lady,Argentina,,USD,Dolares
32,Argentina,Mercado Central de Buenos Aires,2017,Agosto,Frutilla,s/especificar,Argentina,3.24,USD,Dolares
32,Argentina,Mercado Central de Buenos Aires,2017,Agosto,Kiwi,s/especificar,Argentina,1.82,USD,Dolares
32,Argentina,Mercado Central de Buenos Aires,2017,Agosto,Frambuesa,s/especificar,Argentina,,USD,Dolares
32,Argentina,Mercado Central de Buenos Aires,2017,Agosto,Acelga,s/especificar,Argentina,0.42,USD,Dolares
32,Argentina,Mercado Central de Buenos Aires,2017,Agosto,Ajo,Colorado,Argentina,3.16,USD,Dolares
32,Argentina,Mercado Central de Buenos Aires,2017,Agosto,Albahaca,s/especificar,Argentina,0.39,USD,Dolares
32,Argentina,Mercado Central de Buenos Aires,2017,Agosto,Apio,s/especificar,Argentina,0.97,USD,Dolares
32,Argentina,Mercado Central de Buenos Aires,2017,Agosto,Arveja,s/especificar,Argentina,1.42,USD,Dolares
32,Argentina,Mercado Central de Buenos Aires,2017,Agosto,Batata,Arapey,Brasil,0.41,USD,Dolares
32,Argentina,Mercado Central de Buenos Aires,2017,Agosto,Berenjena,Vta.Med.La,Argentina,0.79,USD,Dolares
32,Argentina,Mercado Central de Buenos Aires,2017,Agosto,Brocoli,s/especificar,Argentina,1.51,USD,Dolares
32,Argentina,Mercado Central de Buenos Aires,2017,Agosto,Cebolla,Colorada,Argentina,,USD,Dolares
32,Argentina,Mercado Central de Buenos Aires,2017,Agosto,Chaucha,Esmeralda,Argentina,1.62,USD,Dolares
32,Argentina,Mercado Central de Buenos Aires,2017,Agosto,Choclo,Amarillo,Argentina,0.7,USD,Dolares
32,Argentina,Mercado Central de Buenos Aires,2017,Agosto,Epinaca,s/especificar,Argentina,0.72,USD,Dolares
32,Argentina,Mercado Central de Buenos Aires,2017,Agosto,Lechuga,Criolla,Argentina,0.93,USD,Dolares
32,Argentina,Mercado Central de Buenos Aires,2017,Agosto,Papa,Spunta,Argentina,0.4,USD,Dolares
32,Argentina,Mercado Central de Buenos Aires,2017,Agosto,Pepino,s/especificar,Argentina,0.79,USD,Dolares
32,Argentina,Mercado Central de Buenos Aires,2017,Agosto,Perejil,s/especificar,Argentina,0.82,USD,Dolares
32,Argentina,Mercado Central de Buenos Aires,2017,Agosto,Pimiento,Morron,Argentina,1.27,USD,Dolares
32,Argentina,Mercado Central de Buenos Aires,2017,Agosto,Radicheta,1er.Corte,Argentina,1.77,USD,Dolares
32,Argentina,Mercado Central de Buenos Aires,2017,Agosto,Remolacha,s/especificar,Argentina,0.33,USD,Dolares
32,Argentina,Mercado Central de Buenos Aires,2017,Agosto,Repollo,Blanco,Argentina,0.21,USD,Dolares
32,Argentina,Mercado Central de Buenos Aires,2017,Agosto,Tomate,Cherry,Argentina,2.23,USD,Dolares
32,Argentina,Mercado Central de Buenos Aires,2017,Agosto,Tomate,Perita,Argentina,1.2,USD,Dolares
32,Argentina,Mercado Central de Buenos Aires,2017,Agosto,Tomate,Redondo,Argentina,1.36,USD,Dolares
32,Argentina,Mercado Central de Buenos Aires,2017,Agosto,Zanahoria,Chantenay,Argentina,0.26,USD,Dolares
32,Argentina,Mercado Central de Buenos Aires,2017,Agosto,Zapallito,Redondo,Argentina,0.87,USD,Dolares
32,Argentina,Mercado Central de Buenos Aires,2017,Agosto,Zapallo,Anc.Cokena,Argentina,0.35,USD,Dolares
32,Argentina,Mercado Central de Buenos Aires,2017,Septiembre,Anana,Perola,Brasil,,USD,Dolares
32,Argentina,Mercado Central de Buenos Aires,2017,Septiembre,Banana,Cavdich,Ecuador,0.76,USD,Dolares
32,Argentina,Mercado Central de Buenos Aires,2017,Septiembre,Pomelo,Star Ruby,Argentina,0.47,USD,Dolares
32,Argentina,Mercado Central de Buenos Aires,2017,Septiembre,Limón,Eureka,Argentina,0.73,USD,Dolares
32,Argentina,Mercado Central de Buenos Aires,2017,Septiembre,Manzana,Granny Smith,Argentina,1.19,USD,Dolares
32,Argentina,Mercado Central de Buenos Aires,2017,Septiembre,Manzana,Red Delicius,Argentina,1.47,USD,Dolares
32,Argentina,Mercado Central de Buenos Aires,2017,Septiembre,Mandarina,Encore,Argentina,0.43,USD,Dolares
32,Argentina,Mercado Central de Buenos Aires,2017,Septiembre,Melón,Rocio Miel,Argentina,1.38,USD,Dolares
32,Argentina,Mercado Central de Buenos Aires,2017,Septiembre,Naranja,Valenciana,Argentina,0.36,USD,Dolares
32,Argentina,Mercado Central de Buenos Aires,2017,Septiembre,Pera,Packham's,Argentina,1.24,USD,Dolares
32,Argentina,Mercado Central de Buenos Aires,2017,Septiembre,Uva,Moscat.Bca,Argentina,3.72,USD,Dolares
32,Argentina,Mercado Central de Buenos Aires,2017,Septiembre,PALTA,Hass,Chile,2.95,USD,Dolares
32,Argentina,Mercado Central de Buenos Aires,2017,Septiembre,Ciruela,Blackamber,Argentina,,USD,Dolares
32,Argentina,Mercado Central de Buenos Aires,2017,Septiembre,Durazno,Earlygrand,Argentina,,USD,Dolares
32,Argentina,Mercado Central de Buenos Aires,2017,Septiembre,Frutilla,s/especificar,Argentina,2.2,USD,Dolares
32,Argentina,Mercado Central de Buenos Aires,2017,Septiembre,Kiwi,s/especificar,Argentina,2.05,USD,Dolares
32,Argentina,Mercado Central de Buenos Aires,2017,Septiembre,Frambuesa,s/especificar,Argentina,,USD,Dolares
32,Argentina,Mercado Central de Buenos Aires,2017,Septiembre,Acelga,s/especificar,Argentina,0.34,USD,Dolares
32,Argentina,Mercado Central de Buenos Aires,2017,Septiembre,Ajo,Colorado,Argentina,3.09,USD,Dolares
32,Argentina,Mercado Central de Buenos Aires,2017,Septiembre,Albahaca,s/especificar,Argentina,0.5,USD,Dolares
32,Argentina,Mercado Central de Buenos Aires,2017,Septiembre,Apio,s/especificar,Argentina,0.7,USD,Dolares
32,Argentina,Mercado Central de Buenos Aires,2017,Septiembre,Arveja,s/especificar,Argentina,1.57,USD,Dolares
32,Argentina,Mercado Central de Buenos Aires,2017,Septiembre,Batata,Arapey,Brasil,0.41,USD,Dolares
32,Argentina,Mercado Central de Buenos Aires,2017,Septiembre,Berenjena,Vta.Med.La,Argentina,0.56,USD,Dolares
32,Argentina,Mercado Central de Buenos Aires,2017,Septiembre,Brocoli,s/especificar,Argentina,1.38,USD,Dolares
32,Argentina,Mercado Central de Buenos Aires,2017,Septiembre,Cebolla,Colorada,Argentina,0.85,USD,Dolares
32,Argentina,Mercado Central de Buenos Aires,2017,Septiembre,Chaucha,Esmeralda,Argentina,1.32,USD,Dolares
32,Argentina,Mercado Central de Buenos Aires,2017,Septiembre,Choclo,Amarillo,Argentina,0.75,USD,Dolares
32,Argentina,Mercado Central de Buenos Aires,2017,Septiembre,Epinaca,s/especificar,Argentina,0.41,USD,Dolares
32,Argentina,Mercado Central de Buenos Aires,2017,Septiembre,Lechuga,Criolla,Argentina,0.89,USD,Dolares
32,Argentina,Mercado Central de Buenos Aires,2017,Septiembre,Papa,Spunta,Argentina,0.19,USD,Dolares
32,Argentina,Mercado Central de Buenos Aires,2017,Septiembre,Pepino,s/especificar,Argentina,0.96,USD,Dolares
32,Argentina,Mercado Central de Buenos Aires,2017,Septiembre,Perejil,s/especificar,Argentina,0.78,USD,Dolares
32,Argentina,Mercado Central de Buenos Aires,2017,Septiembre,Pimiento,Morron,Argentina,1.34,USD,Dolares
32,Argentina,Mercado Central de Buenos Aires,2017,Septiembre,Radicheta,1er.Corte,Argentina,1.3,USD,Dolares
32,Argentina,Mercado Central de Buenos Aires,2017,Septiembre,Remolacha,s/especificar,Argentina,0.3,USD,Dolares
32,Argentina,Mercado Central de Buenos Aires,2017,Septiembre,Repollo,Blanco,Argentina,0.17,USD,Dolares
32,Argentina,Mercado Central de Buenos Aires,2017,Septiembre,Tomate,Cherry,Argentina,3.15,USD,Dolares
32,Argentina,Mercado Central de Buenos Aires,2017,Septiembre,Tomate,Perita,Argentina,1.22,USD,Dolares
32,Argentina,Mercado Central de Buenos Aires,2017,Septiembre,Tomate,Redondo,Argentina,1.17,USD,Dolares
32,Argentina,Mercado Central de Buenos Aires,2017,Septiembre,Zanahoria,Chantenay,Argentina,0.56,USD,Dolares
32,Argentina,Mercado Central de Buenos Aires,2017,Septiembre,Zapallito,Redondo,Argentina,0.67,USD,Dolares
32,Argentina,Mercado Central de Buenos Aires,2017,Septiembre,Zapallo,Anc.Cokena,Argentina,0.4,USD,Dolares
32,Argentina,Mercado Central de Buenos Aires,2017,Octubre,Anana,Perola,Brasil,2.03,USD,Dolares
32,Argentina,Mercado Central de Buenos Aires,2017,Octubre,Banana,Cavdich,Ecuador,0.8,USD,Dolares
32,Argentina,Mercado Central de Buenos Aires,2017,Octubre,Pomelo,Star Ruby,Argentina,0.68,USD,Dolares
32,Argentina,Mercado Central de Buenos Aires,2017,Octubre,Limón,Eureka,Argentina,0.88,USD,Dolares
32,Argentina,Mercado Central de Buenos Aires,2017,Octubre,Manzana,Granny Smith,Argentina,1.18,USD,Dolares
32,Argentina,Mercado Central de Buenos Aires,2017,Octubre,Manzana,Red Delicius,Argentina,2.13,USD,Dolares
32,Argentina,Mercado Central de Buenos Aires,2017,Octubre,Mandarina,Encore,Argentina,0.4,USD,Dolares
32,Argentina,Mercado Central de Buenos Aires,2017,Octubre,Melón,Rocio Miel,Argentina,1.03,USD,Dolares
32,Argentina,Mercado Central de Buenos Aires,2017,Octubre,Naranja,Valenciana,Argentina,0.35,USD,Dolares
32,Argentina,Mercado Central de Buenos Aires,2017,Octubre,Pera,Packham's,Argentina,1.22,USD,Dolares
32,Argentina,Mercado Central de Buenos Aires,2017,Octubre,Uva,Moscat.Bca,Argentina,,USD,Dolares
32,Argentina,Mercado Central de Buenos Aires,2017,Octubre,PALTA,Hass,Chile,3.38,USD,Dolares
32,Argentina,Mercado Central de Buenos Aires,2017,Octubre,Ciruela,Blackamber,Argentina,,USD,Dolares
32,Argentina,Mercado Central de Buenos Aires,2017,Octubre,Durazno,Earlygrand,Argentina,1.65,USD,Dolares
32,Argentina,Mercado Central de Buenos Aires,2017,Octubre,Frutilla,s/especificar,Argentina,1.71,USD,Dolares
32,Argentina,Mercado Central de Buenos Aires,2017,Octubre,Kiwi,s/especificar,Argentina,2.08,USD,Dolares
32,Argentina,Mercado Central de Buenos Aires,2017,Octubre,Frambuesa,s/especificar,Argentina,,USD,Dolares
32,Argentina,Mercado Central de Buenos Aires,2017,Octubre,Acelga,s/especificar,Argentina,0.46,USD,Dolares
32,Argentina,Mercado Central de Buenos Aires,2017,Octubre,Ajo,Colorado,Argentina,3.01,USD,Dolares
32,Argentina,Mercado Central de Buenos Aires,2017,Octubre,Albahaca,s/especificar,Argentina,0.39,USD,Dolares
32,Argentina,Mercado Central de Buenos Aires,2017,Octubre,Apio,s/especificar,Argentina,0.76,USD,Dolares
32,Argentina,Mercado Central de Buenos Aires,2017,Octubre,Arveja,s/especificar,Argentina,1.63,USD,Dolares
32,Argentina,Mercado Central de Buenos Aires,2017,Octubre,Batata,Arapey,Brasil,0.45,USD,Dolares
32,Argentina,Mercado Central de Buenos Aires,2017,Octubre,Berenjena,Vta.Med.La,Argentina,0.74,USD,Dolares
32,Argentina,Mercado Central de Buenos Aires,2017,Octubre,Brocoli,s/especificar,Argentina,0.95,USD,Dolares
32,Argentina,Mercado Central de Buenos Aires,2017,Octubre,Cebolla,Colorada,Argentina,0.81,USD,Dolares
32,Argentina,Mercado Central de Buenos Aires,2017,Octubre,Chaucha,Esmeralda,Argentina,1.03,USD,Dolares
32,Argentina,Mercado Central de Buenos Aires,2017,Octubre,Choclo,Amarillo,Argentina,0.75,USD,Dolares
32,Argentina,Mercado Central de Buenos Aires,2017,Octubre,Epinaca,s/especificar,Argentina,0.8,USD,Dolares
32,Argentina,Mercado Central de Buenos Aires,2017,Octubre,Lechuga,Criolla,Argentina,0.63,USD,Dolares
32,Argentina,Mercado Central de Buenos Aires,2017,Octubre,Papa,Spunta,Argentina,0.41,USD,Dolares
32,Argentina,Mercado Central de Buenos Aires,2017,Octubre,Pepino,s/especificar,Argentina,0.61,USD,Dolares
32,Argentina,Mercado Central de Buenos Aires,2017,Octubre,Perejil,s/especificar,Argentina,0.7,USD,Dolares
32,Argentina,Mercado Central de Buenos Aires,2017,Octubre,Pimiento,Morron,Argentina,1.32,USD,Dolares
32,Argentina,Mercado Central de Buenos Aires,2017,Octubre,Radicheta,1er.Corte,Argentina,1.15,USD,Dolares
32,Argentina,Mercado Central de Buenos Aires,2017,Octubre,Remolacha,s/especificar,Argentina,0.25,USD,Dolares
32,Argentina,Mercado Central de Buenos Aires,2017,Octubre,Repollo,Blanco,Argentina,0.23,USD,Dolares
32,Argentina,Mercado Central de Buenos Aires,2017,Octubre,Tomate,Cherry,Argentina,2.73,USD,Dolares
32,Argentina,Mercado Central de Buenos Aires,2017,Octubre,Tomate,Perita,Argentina,1.31,USD,Dolares
32,Argentina,Mercado Central de Buenos Aires,2017,Octubre,Tomate,Redondo,Argentina,1.48,USD,Dolares
32,Argentina,Mercado Central de Buenos Aires,2017,Octubre,Zanahoria,Chantenay,Argentina,0.58,USD,Dolares
32,Argentina,Mercado Central de Buenos Aires,2017,Octubre,Zapallito,Redondo,Argentina,0.75,USD,Dolares
32,Argentina,Mercado Central de Buenos Aires,2017,Octubre,Zapallo,Anc.Cokena,Argentina,0.45,USD,Dolares
32,Argentina,Mercado Central de Buenos Aires,2017,Noviembre,Anana,Perola,Brasil,1.37,USD,Dolares
32,Argentina,Mercado Central de Buenos Aires,2017,Noviembre,Banana,Cavdich,Ecuador,0.93,USD,Dolares
32,Argentina,Mercado Central de Buenos Aires,2017,Noviembre,Pomelo,Star Ruby,Argentina,0.79,USD,Dolares
32,Argentina,Mercado Central de Buenos Aires,2017,Noviembre,Limón,Eureka,Argentina,1.28,USD,Dolares
32,Argentina,Mercado Central de Buenos Aires,2017,Noviembre,Manzana,Granny Smith,Argentina,1.94,USD,Dolares
32,Argentina,Mercado Central de Buenos Aires,2017,Noviembre,Manzana,Red Delicius,Argentina,2.13,USD,Dolares
32,Argentina,Mercado Central de Buenos Aires,2017,Noviembre,Mandarina,Encore,Argentina,0.4,USD,Dolares
32,Argentina,Mercado Central de Buenos Aires,2017,Noviembre,Melón,Rocio Miel,Argentina,1.05,USD,Dolares
32,Argentina,Mercado Central de Buenos Aires,2017,Noviembre,Naranja,Valenciana,Argentina,0.39,USD,Dolares
32,Argentina,Mercado Central de Buenos Aires,2017,Noviembre,Pera,Packham's,Argentina,1.53,USD,Dolares
32,Argentina,Mercado Central de Buenos Aires,2017,Noviembre,Uva,Moscat.Bca,Argentina,,USD,Dolares
32,Argentina,Mercado Central de Buenos Aires,2017,Noviembre,PALTA,Hass,Chile,2.63,USD,Dolares
32,Argentina,Mercado Central de Buenos Aires,2017,Noviembre,Ciruela,Blackamber,Argentina,,USD,Dolares
32,Argentina,Mercado Central de Buenos Aires,2017,Noviembre,Durazno,Earlygrand,Argentina,1.27,USD,Dolares
32,Argentina,Mercado Central de Buenos Aires,2017,Noviembre,Frutilla,s/especificar,Argentina,1.87,USD,Dolares
32,Argentina,Mercado Central de Buenos Aires,2017,Noviembre,Kiwi,s/especificar,Argentina,2.27,USD,Dolares
32,Argentina,Mercado Central de Buenos Aires,2017,Noviembre,Frambuesa,s/especificar,Argentina,,USD,Dolares
32,Argentina,Mercado Central de Buenos Aires,2017,Noviembre,Acelga,s/especificar,Argentina,0.41,USD,Dolares
32,Argentina,Mercado Central de Buenos Aires,2017,Noviembre,Ajo,Colorado,Argentina,3.3,USD,Dolares
32,Argentina,Mercado Central de Buenos Aires,2017,Noviembre,Albahaca,s/especificar,Argentina,0.29,USD,Dolares
32,Argentina,Mercado Central de Buenos Aires,2017,Noviembre,Apio,s/especificar,Argentina,0.68,USD,Dolares
32,Argentina,Mercado Central de Buenos Aires,2017,Noviembre,Arveja,s/especificar,Argentina,1.32,USD,Dolares
32,Argentina,Mercado Central de Buenos Aires,2017,Noviembre,Batata,Arapey,Brasil,0.48,USD,Dolares
32,Argentina,Mercado Central de Buenos Aires,2017,Noviembre,Berenjena,Vta.Med.La,Argentina,0.71,USD,Dolares
32,Argentina,Mercado Central de Buenos Aires,2017,Noviembre,Brocoli,s/especificar,Argentina,0.85,USD,Dolares
32,Argentina,Mercado Central de Buenos Aires,2017,Noviembre,Cebolla,Colorada,Argentina,,USD,Dolares
32,Argentina,Mercado Central de Buenos Aires,2017,Noviembre,Chaucha,Esmeralda,Argentina,0.79,USD,Dolares
32,Argentina,Mercado Central de Buenos Aires,2017,Noviembre,Choclo,Amarillo,Argentina,0.47,USD,Dolares
32,Argentina,Mercado Central de Buenos Aires,2017,Noviembre,Epinaca,s/especificar,Argentina,0.79,USD,Dolares
32,Argentina,Mercado Central de Buenos Aires,2017,Noviembre,Lechuga,Criolla,Argentina,0.43,USD,Dolares
32,Argentina,Mercado Central de Buenos Aires,2017,Noviembre,Papa,Spunta,Argentina,0.49,USD,Dolares
32,Argentina,Mercado Central de Buenos Aires,2017,Noviembre,Pepino,s/especificar,Argentina,0.55,USD,Dolares
32,Argentina,Mercado Central de Buenos Aires,2017,Noviembre,Perejil,s/especificar,Argentina,0.66,USD,Dolares
32,Argentina,Mercado Central de Buenos Aires,2017,Noviembre,Pimiento,Morron,Argentina,1.13,USD,Dolares
32,Argentina,Mercado Central de Buenos Aires,2017,Noviembre,Radicheta,1er.Corte,Argentina,1.1,USD,Dolares
32,Argentina,Mercado Central de Buenos Aires,2017,Noviembre,Remolacha,s/especificar,Argentina,0.23,USD,Dolares
32,Argentina,Mercado Central de Buenos Aires,2017,Noviembre,Repollo,Blanco,Argentina,0.21,USD,Dolares
32,Argentina,Mercado Central de Buenos Aires,2017,Noviembre,Tomate,Cherry,Argentina,3.27,USD,Dolares
32,Argentina,Mercado Central de Buenos Aires,2017,Noviembre,Tomate,Perita,Argentina,1.06,USD,Dolares
32,Argentina,Mercado Central de Buenos Aires,2017,Noviembre,Tomate,Redondo,Argentina,1.01,USD,Dolares
32,Argentina,Mercado Central de Buenos Aires,2017,Noviembre,Zanahoria,Chantenay,Argentina,0.62,USD,Dolares
32,Argentina,Mercado Central de Buenos Aires,2017,Noviembre,Zapallito,Redondo,Argentina,0.53,USD,Dolares
32,Argentina,Mercado Central de Buenos Aires,2017,Noviembre,Zapallo,Anc.Cokena,Argentina,0.46,USD,Dolares
32,Argentina,Mercado Central de Buenos Aires,2017,Diciembre,Anana,Perola,Brasil,1.29,USD,Dolares
32,Argentina,Mercado Central de Buenos Aires,2017,Diciembre,Banana,Cavdich,Ecuador,0.94,USD,Dolares
32,Argentina,Mercado Central de Buenos Aires,2017,Diciembre,Pomelo,Star Ruby,Argentina,0.71,USD,Dolares
32,Argentina,Mercado Central de Buenos Aires,2017,Diciembre,Limón,Eureka,Argentina,1.14,USD,Dolares
32,Argentina,Mercado Central de Buenos Aires,2017,Diciembre,Manzana,Granny Smith,Argentina,1.9,USD,Dolares
32,Argentina,Mercado Central de Buenos Aires,2017,Diciembre,Manzana,Red Delicius,Argentina,1.99,USD,Dolares
32,Argentina,Mercado Central de Buenos Aires,2017,Diciembre,Mandarina,Encore,Argentina,0.39,USD,Dolares
32,Argentina,Mercado Central de Buenos Aires,2017,Diciembre,Melón,Rocio Miel,Argentina,1.18,USD,Dolares
32,Argentina,Mercado Central de Buenos Aires,2017,Diciembre,Naranja,Valenciana,Argentina,0.35,USD,Dolares
32,Argentina,Mercado Central de Buenos Aires,2017,Diciembre,Pera,Packham's,Argentina,1.48,USD,Dolares
32,Argentina,Mercado Central de Buenos Aires,2017,Diciembre,Uva,Moscat.Bca,Argentina,,USD,Dolares
32,Argentina,Mercado Central de Buenos Aires,2017,Diciembre,PALTA,Hass,Chile,2.51,USD,Dolares
32,Argentina,Mercado Central de Buenos Aires,2017,Diciembre,Ciruela,Blackamber,Argentina,,USD,Dolares
32,Argentina,Mercado Central de Buenos Aires,2017,Diciembre,Durazno,Earlygrand,Argentina,,USD,Dolares
32,Argentina,Mercado Central de Buenos Aires,2017,Diciembre,Frutilla,s/especificar,Argentina,1.77,USD,Dolares
32,Argentina,Mercado Central de Buenos Aires,2017,Diciembre,Kiwi,s/especificar,Argentina,2.16,USD,Dolares
32,Argentina,Mercado Central de Buenos Aires,2017,Diciembre,Frambuesa,s/especificar,Argentina,,USD,Dolares
32,Argentina,Mercado Central de Buenos Aires,2017,Diciembre,Acelga,s/especificar,Argentina,,USD,Dolares
32,Argentina,Mercado Central de Buenos Aires,2017,Diciembre,Ajo,Colorado,Argentina,,USD,Dolares
32,Argentina,Mercado Central de Buenos Aires,2017,Diciembre,Albahaca,s/especificar,Argentina,,USD,Dolares
32,Argentina,Mercado Central de Buenos Aires,2017,Diciembre,Apio,s/especificar,Argentina,,USD,Dolares
32,Argentina,Mercado Central de Buenos Aires,2017,Diciembre,Arveja,s/especificar,Argentina,,USD,Dolares
32,Argentina,Mercado Central de Buenos Aires,2017,Diciembre,Batata,Arapey,Brasil,,USD,Dolares
32,Argentina,Mercado Central de Buenos Aires,2017,Diciembre,Berenjena,Vta.Med.La,Argentina,,USD,Dolares
32,Argentina,Mercado Central de Buenos Aires,2017,Diciembre,Brocoli,s/especificar,Argentina,,USD,Dolares
32,Argentina,Mercado Central de Buenos Aires,2017,Diciembre,Cebolla,Colorada,Argentina,,USD,Dolares
32,Argentina,Mercado Central de Buenos Aires,2017,Diciembre,Chaucha,Esmeralda,Argentina,,USD,Dolares
32,Argentina,Mercado Central de Buenos Aires,2017,Diciembre,Choclo,Amarillo,Argentina,,USD,Dolares
32,Argentina,Mercado Central de Buenos Aires,2017,Diciembre,Epinaca,s/especificar,Argentina,,USD,Dolares
32,Argentina,Mercado Central de Buenos Aires,2017,Diciembre,Lechuga,Criolla,Argentina,,USD,Dolares
32,Argentina,Mercado Central de Buenos Aires,2017,Diciembre,Papa,Spunta,Argentina,,USD,Dolares
32,Argentina,Mercado Central de Buenos Aires,2017,Diciembre,Pepino,s/especificar,Argentina,,USD,Dolares
32,Argentina,Mercado Central de Buenos Aires,2017,Diciembre,Perejil,s/especificar,Argentina,,USD,Dolares
32,Argentina,Mercado Central de Buenos Aires,2017,Diciembre,Pimiento,Morron,Argentina,,USD,Dolares
32,Argentina,Mercado Central de Buenos Aires,2017,Diciembre,Radicheta,1er.Corte,Argentina,,USD,Dolares
32,Argentina,Mercado Central de Buenos Aires,2017,Diciembre,Remolacha,s/especificar,Argentina,,USD,Dolares
32,Argentina,Mercado Central de Buenos Aires,2017,Diciembre,Repollo,Blanco,Argentina,,USD,Dolares
32,Argentina,Mercado Central de Buenos Aires,2017,Diciembre,Tomate,Cherry,Argentina,,USD,Dolares
32,Argentina,Mercado Central de Buenos Aires,2017,Diciembre,Tomate,Perita,Argentina,,USD,Dolares
32,Argentina,Mercado Central de Buenos Aires,2017,Diciembre,Tomate,Redondo,Argentina,,USD,Dolares
32,Argentina,Mercado Central de Buenos Aires,2017,Diciembre,Zanahoria,Chantenay,Argentina,,USD,Dolares
32,Argentina,Mercado Central de Buenos Aires,2017,Diciembre,Zapallito,Redondo,Argentina,,USD,Dolares
32,Argentina,Mercado Central de Buenos Aires,2017,Diciembre,Zapallo,Anc.Cokena,Argentina,,USD,Dolares
32,Argentina,Mercado Central de Buenos Aires,2018,Enero,Anana,s/especificar,s/especificar,1.44,USD,Dolares
32,Argentina,Mercado Central de Buenos Aires,2018,Enero,Banana,s/especificar,s/especificar,0.88,USD,Dolares
32,Argentina,Mercado Central de Buenos Aires,2018,Enero,Durazno,s/especificar,s/especificar,1.57,USD,Dolares
32,Argentina,Mercado Central de Buenos Aires,2018,Enero,Frambuesa,s/especificar,s/especificar,7.38,USD,Dolares
32,Argentina,Mercado Central de Buenos Aires,2018,Enero,Frutilla,s/especificar,s/especificar,4.18,USD,Dolares
32,Argentina,Mercado Central de Buenos Aires,2018,Enero,Kiwi,s/especificar,s/especificar,2.57,USD,Dolares
32,Argentina,Mercado Central de Buenos Aires,2018,Enero,Limón,s/especificar,s/especificar,0.97,USD,Dolares
32,Argentina,Mercado Central de Buenos Aires,2018,Enero,Mandarina,s/especificar,s/especificar,0.81,USD,Dolares
32,Argentina,Mercado Central de Buenos Aires,2018,Enero,Manzana,s/especificar,s/especificar,1.53,USD,Dolares
32,Argentina,Mercado Central de Buenos Aires,2018,Enero,Melón,s/especificar,s/especificar,1.37,USD,Dolares
32,Argentina,Mercado Central de Buenos Aires,2018,Enero,Naranja,s/especificar,s/especificar,0.74,USD,Dolares
32,Argentina,Mercado Central de Buenos Aires,2018,Enero,Palta,s/especificar,s/especificar,2.74,USD,Dolares
32,Argentina,Mercado Central de Buenos Aires,2018,Enero,Pera,s/especificar,s/especificar,1.16,USD,Dolares
32,Argentina,Mercado Central de Buenos Aires,2018,Enero,Pomelo,s/especificar,s/especificar,1.11,USD,Dolares
32,Argentina,Mercado Central de Buenos Aires,2018,Enero,Uva,s/especificar,s/especificar,2.02,USD,Dolares
32,Argentina,Mercado Central de Buenos Aires,2018,Enero,Acelga,s/especificar,s/especificar,0.32,USD,Dolares
32,Argentina,Mercado Central de Buenos Aires,2018,Enero,Ajo,s/especificar,s/especificar,1.9,USD,Dolares
32,Argentina,Mercado Central de Buenos Aires,2018,Enero,Albahaca,s/especificar,s/especificar,0.24,USD,Dolares
32,Argentina,Mercado Central de Buenos Aires,2018,Enero,Apio,s/especificar,s/especificar,0.96,USD,Dolares
32,Argentina,Mercado Central de Buenos Aires,2018,Enero,Arveja,s/especificar,s/especificar,1.35,USD,Dolares
32,Argentina,Mercado Central de Buenos Aires,2018,Enero,Batata,s/especificar,s/especificar,0.42,USD,Dolares
32,Argentina,Mercado Central de Buenos Aires,2018,Enero,Berenjena,s/especificar,s/especificar,0.38,USD,Dolares
32,Argentina,Mercado Central de Buenos Aires,2018,Enero,Brocoli,s/especificar,s/especificar,1.16,USD,Dolares
32,Argentina,Mercado Central de Buenos Aires,2018,Enero,Cebolla,s/especificar,s/especificar,0.36,USD,Dolares
32,Argentina,Mercado Central de Buenos Aires,2018,Enero,Chaucha,s/especificar,s/especificar,1.77,USD,Dolares
32,Argentina,Mercado Central de Buenos Aires,2018,Enero,Choclo,s/especificar,s/especificar,0.47,USD,Dolares
32,Argentina,Mercado Central de Buenos Aires,2018,Enero,Epinaca,s/especificar,s/especificar,1.08,USD,Dolares
32,Argentina,Mercado Central de Buenos Aires,2018,Enero,Lechuga,s/especificar,s/especificar,0.82,USD,Dolares
32,Argentina,Mercado Central de Buenos Aires,2018,Enero,Papa,s/especificar,s/especificar,0.43,USD,Dolares
32,Argentina,Mercado Central de Buenos Aires,2018,Enero,Pepino,s/especificar,s/especificar,0.74,USD,Dolares
32,Argentina,Mercado Central de Buenos Aires,2018,Enero,Perejil,s/especificar,s/especificar,0.65,USD,Dolares
32,Argentina,Mercado Central de Buenos Aires,2018,Enero,Pimiento,s/especificar,s/especificar,1.89,USD,Dolares
32,Argentina,Mercado Central de Buenos Aires,2018,Enero,Radicheta,s/especificar,s/especificar,1.53,USD,Dolares
32,Argentina,Mercado Central de Buenos Aires,2018,Enero,Remolacha,s/especificar,s/especificar,0.3,USD,Dolares
32,Argentina,Mercado Central de Buenos Aires,2018,Enero,Repollo,s/especificar,s/especificar,0.31,USD,Dolares
32,Argentina,Mercado Central de Buenos Aires,2018,Enero,Tomate,s/especificar,s/especificar,0.91,USD,Dolares
32,Argentina,Mercado Central de Buenos Aires,2018,Enero,Zanahoria,s/especificar,s/especificar,0.8,USD,Dolares
32,Argentina,Mercado Central de Buenos Aires,2018,Enero,Zapallito,s/especificar,s/especificar,0.26,USD,Dolares
32,Argentina,Mercado Central de Buenos Aires,2018,Enero,Zapallo,s/especificar,s/especificar,0.51,USD,Dolares
32,Argentina,Mercado Central de Buenos Aires,2018,Febrero,Anana,s/especificar,s/especificar,1.81,USD,Dolares
32,Argentina,Mercado Central de Buenos Aires,2018,Febrero,Banana,s/especificar,s/especificar,0.85,USD,Dolares
32,Argentina,Mercado Central de Buenos Aires,2018,Febrero,Durazno,s/especificar,s/especificar,1.72,USD,Dolares
32,Argentina,Mercado Central de Buenos Aires,2018,Febrero,Frambuesa,s/especificar,s/especificar,8.76,USD,Dolares
32,Argentina,Mercado Central de Buenos Aires,2018,Febrero,Frutilla,s/especificar,s/especificar,4.91,USD,Dolares
32,Argentina,Mercado Central de Buenos Aires,2018,Febrero,Kiwi,s/especificar,s/especificar,2.39,USD,Dolares
32,Argentina,Mercado Central de Buenos Aires,2018,Febrero,Limón,s/especificar,s/especificar,1.01,USD,Dolares
32,Argentina,Mercado Central de Buenos Aires,2018,Febrero,Mandarina,s/especificar,s/especificar,0.87,USD,Dolares
32,Argentina,Mercado Central de Buenos Aires,2018,Febrero,Manzana,s/especificar,s/especificar,1.38,USD,Dolares
32,Argentina,Mercado Central de Buenos Aires,2018,Febrero,Melón,s/especificar,s/especificar,1.3,USD,Dolares
32,Argentina,Mercado Central de Buenos Aires,2018,Febrero,Naranja,s/especificar,s/especificar,1,USD,Dolares
32,Argentina,Mercado Central de Buenos Aires,2018,Febrero,Palta,s/especificar,s/especificar,3.82,USD,Dolares
32,Argentina,Mercado Central de Buenos Aires,2018,Febrero,Pera,s/especificar,s/especificar,1.2,USD,Dolares
32,Argentina,Mercado Central de Buenos Aires,2018,Febrero,Pomelo,s/especificar,s/especificar,1.35,USD,Dolares
32,Argentina,Mercado Central de Buenos Aires,2018,Febrero,Uva,s/especificar,s/especificar,1.42,USD,Dolares
32,Argentina,Mercado Central de Buenos Aires,2018,Febrero,Acelga,s/especificar,s/especificar,0.34,USD,Dolares
32,Argentina,Mercado Central de Buenos Aires,2018,Febrero,Ajo,s/especificar,s/especificar,1.9,USD,Dolares
32,Argentina,Mercado Central de Buenos Aires,2018,Febrero,Albahaca,s/especificar,s/especificar,1.08,USD,Dolares
32,Argentina,Mercado Central de Buenos Aires,2018,Febrero,Apio,s/especificar,s/especificar,0,USD,Dolares
32,Argentina,Mercado Central de Buenos Aires,2018,Febrero,Arveja,s/especificar,s/especificar,1.65,USD,Dolares
32,Argentina,Mercado Central de Buenos Aires,2018,Febrero,Batata,s/especificar,s/especificar,0.41,USD,Dolares
32,Argentina,Mercado Central de Buenos Aires,2018,Febrero,Berenjena,s/especificar,s/especificar,0.35,USD,Dolares
32,Argentina,Mercado Central de Buenos Aires,2018,Febrero,Brocoli,s/especificar,s/especificar,1.05,USD,Dolares
32,Argentina,Mercado Central de Buenos Aires,2018,Febrero,Cebolla,s/especificar,s/especificar,0.29,USD,Dolares
32,Argentina,Mercado Central de Buenos Aires,2018,Febrero,Chaucha,s/especificar,s/especificar,1.42,USD,Dolares
32,Argentina,Mercado Central de Buenos Aires,2018,Febrero,Choclo,s/especificar,s/especificar,0.49,USD,Dolares
32,Argentina,Mercado Central de Buenos Aires,2018,Febrero,Epinaca,s/especificar,s/especificar,1.53,USD,Dolares
32,Argentina,Mercado Central de Buenos Aires,2018,Febrero,Lechuga,s/especificar,s/especificar,0.9,USD,Dolares
32,Argentina,Mercado Central de Buenos Aires,2018,Febrero,Papa,s/especificar,s/especificar,0.43,USD,Dolares
32,Argentina,Mercado Central de Buenos Aires,2018,Febrero,Pepino,s/especificar,s/especificar,0.56,USD,Dolares
32,Argentina,Mercado Central de Buenos Aires,2018,Febrero,Perejil,s/especificar,s/especificar,0.82,USD,Dolares
32,Argentina,Mercado Central de Buenos Aires,2018,Febrero,Pimiento,s/especificar,s/especificar,1.66,USD,Dolares
32,Argentina,Mercado Central de Buenos Aires,2018,Febrero,Radicheta,s/especificar,s/especificar,1.38,USD,Dolares
32,Argentina,Mercado Central de Buenos Aires,2018,Febrero,Remolacha,s/especificar,s/especificar,0.26,USD,Dolares
32,Argentina,Mercado Central de Buenos Aires,2018,Febrero,Repollo,s/especificar,s/especificar,0.34,USD,Dolares
32,Argentina,Mercado Central de Buenos Aires,2018,Febrero,Tomate,s/especificar,s/especificar,0.54,USD,Dolares
32,Argentina,Mercado Central de Buenos Aires,2018,Febrero,Zanahoria,s/especificar,s/especificar,0.72,USD,Dolares
32,Argentina,Mercado Central de Buenos Aires,2018,Febrero,Zapallito,s/especificar,s/especificar,0.25,USD,Dolares
32,Argentina,Mercado Central de Buenos Aires,2018,Febrero,Zapallo,s/especificar,s/especificar,0.42,USD,Dolares
32,Argentina,Mercado Central de Buenos Aires,2018,Marzo,Anana,s/especificar,s/especificar,2.05,USD,Dolares
32,Argentina,Mercado Central de Buenos Aires,2018,Marzo,Banana,s/especificar,s/especificar,0.86,USD,Dolares
32,Argentina,Mercado Central de Buenos Aires,2018,Marzo,Durazno,s/especificar,s/especificar,1.47,USD,Dolares
32,Argentina,Mercado Central de Buenos Aires,2018,Marzo,Frambuesa,s/especificar,s/especificar,11.17,USD,Dolares
32,Argentina,Mercado Central de Buenos Aires,2018,Marzo,Frutilla,s/especificar,s/especificar,4.2,USD,Dolares
32,Argentina,Mercado Central de Buenos Aires,2018,Marzo,Kiwi,s/especificar,s/especificar,2.42,USD,Dolares
32,Argentina,Mercado Central de Buenos Aires,2018,Marzo,Limón,s/especificar,s/especificar,0.75,USD,Dolares
32,Argentina,Mercado Central de Buenos Aires,2018,Marzo,Mandarina,s/especificar,s/especificar,3.27,USD,Dolares
32,Argentina,Mercado Central de Buenos Aires,2018,Marzo,Manzana,s/especificar,s/especificar,1.15,USD,Dolares
32,Argentina,Mercado Central de Buenos Aires,2018,Marzo,Melón,s/especificar,s/especificar,1.21,USD,Dolares
32,Argentina,Mercado Central de Buenos Aires,2018,Marzo,Naranja,s/especificar,s/especificar,0.99,USD,Dolares
32,Argentina,Mercado Central de Buenos Aires,2018,Marzo,Palta,s/especificar,s/especificar,4.26,USD,Dolares
32,Argentina,Mercado Central de Buenos Aires,2018,Marzo,Pera,s/especificar,s/especificar,1.05,USD,Dolares
32,Argentina,Mercado Central de Buenos Aires,2018,Marzo,Pomelo,s/especificar,s/especificar,1.24,USD,Dolares
32,Argentina,Mercado Central de Buenos Aires,2018,Marzo,Uva,s/especificar,s/especificar,1.38,USD,Dolares
32,Argentina,Mercado Central de Buenos Aires,2018,Marzo,Acelga,s/especificar,s/especificar,0.3,USD,Dolares
32,Argentina,Mercado Central de Buenos Aires,2018,Marzo,Ajo,s/especificar,s/especificar,1.42,USD,Dolares
32,Argentina,Mercado Central de Buenos Aires,2018,Marzo,Albahaca,s/especificar,s/especificar,0.19,USD,Dolares
32,Argentina,Mercado Central de Buenos Aires,2018,Marzo,Apio,s/especificar,s/especificar,1.18,USD,Dolares
32,Argentina,Mercado Central de Buenos Aires,2018,Marzo,Arveja,s/especificar,s/especificar,1.66,USD,Dolares
32,Argentina,Mercado Central de Buenos Aires,2018,Marzo,Batata,s/especificar,s/especificar,0.32,USD,Dolares
32,Argentina,Mercado Central de Buenos Aires,2018,Marzo,Berenjena,s/especificar,s/especificar,0.37,USD,Dolares
32,Argentina,Mercado Central de Buenos Aires,2018,Marzo,Brocoli,s/especificar,s/especificar,0.96,USD,Dolares
32,Argentina,Mercado Central de Buenos Aires,2018,Marzo,Cebolla,s/especificar,s/especificar,0.37,USD,Dolares
32,Argentina,Mercado Central de Buenos Aires,2018,Marzo,Chaucha,s/especificar,s/especificar,2.05,USD,Dolares
32,Argentina,Mercado Central de Buenos Aires,2018,Marzo,Choclo,s/especificar,s/especificar,0.52,USD,Dolares
32,Argentina,Mercado Central de Buenos Aires,2018,Marzo,Epinaca,s/especificar,s/especificar,1.07,USD,Dolares
32,Argentina,Mercado Central de Buenos Aires,2018,Marzo,Lechuga,s/especificar,s/especificar,0.73,USD,Dolares
32,Argentina,Mercado Central de Buenos Aires,2018,Marzo,Papa,s/especificar,s/especificar,0.42,USD,Dolares
32,Argentina,Mercado Central de Buenos Aires,2018,Marzo,Pepino,s/especificar,s/especificar,0.43,USD,Dolares
32,Argentina,Mercado Central de Buenos Aires,2018,Marzo,Perejil,s/especificar,s/especificar,0.69,USD,Dolares
32,Argentina,Mercado Central de Buenos Aires,2018,Marzo,Pimiento,s/especificar,s/especificar,1.51,USD,Dolares
32,Argentina,Mercado Central de Buenos Aires,2018,Marzo,Radicheta,s/especificar,s/especificar,1.2,USD,Dolares
32,Argentina,Mercado Central de Buenos Aires,2018,Marzo,Remolacha,s/especificar,s/especificar,0.36,USD,Dolares
32,Argentina,Mercado Central de Buenos Aires,2018,Marzo,Repollo,s/especificar,s/especificar,0.31,USD,Dolares
32,Argentina,Mercado Central de Buenos Aires,2018,Marzo,Tomate,s/especificar,s/especificar,0.58,USD,Dolares
32,Argentina,Mercado Central de Buenos Aires,2018,Marzo,Zanahoria,s/especificar,s/especificar,0.64,USD,Dolares
32,Argentina,Mercado Central de Buenos Aires,2018,Marzo,Zapallito,s/especificar,s/especificar,0.29,USD,Dolares
32,Argentina,Mercado Central de Buenos Aires,2018,Marzo,Zapallo,s/especificar,s/especificar,0.36,USD,Dolares
32,Argentina,Mercado Central de Buenos Aires,2018,Abril,Anana,s/especificar,s/especificar,1.91,USD,Dolares
32,Argentina,Mercado Central de Buenos Aires,2018,Abril,Banana,s/especificar,s/especificar,0.83,USD,Dolares
32,Argentina,Mercado Central de Buenos Aires,2018,Abril,Durazno,s/especificar,s/especificar,1.09,USD,Dolares
32,Argentina,Mercado Central de Buenos Aires,2018,Abril,Frambuesa,s/especificar,s/especificar,9.37,USD,Dolares
32,Argentina,Mercado Central de Buenos Aires,2018,Abril,Frutilla,s/especificar,s/especificar,4.64,USD,Dolares
32,Argentina,Mercado Central de Buenos Aires,2018,Abril,Kiwi,s/especificar,s/especificar,2.43,USD,Dolares
32,Argentina,Mercado Central de Buenos Aires,2018,Abril,Limón,s/especificar,s/especificar,0.67,USD,Dolares
32,Argentina,Mercado Central de Buenos Aires,2018,Abril,Mandarina,s/especificar,s/especificar,0.77,USD,Dolares
32,Argentina,Mercado Central de Buenos Aires,2018,Abril,Manzana,s/especificar,s/especificar,1.07,USD,Dolares
32,Argentina,Mercado Central de Buenos Aires,2018,Abril,Melón,s/especificar,s/especificar,1.12,USD,Dolares
32,Argentina,Mercado Central de Buenos Aires,2018,Abril,Naranja,s/especificar,s/especificar,0.89,USD,Dolares
32,Argentina,Mercado Central de Buenos Aires,2018,Abril,Palta,s/especificar,s/especificar,4.22,USD,Dolares
32,Argentina,Mercado Central de Buenos Aires,2018,Abril,Pera,s/especificar,s/especificar,1.1,USD,Dolares
32,Argentina,Mercado Central de Buenos Aires,2018,Abril,Pomelo,s/especificar,s/especificar,0.86,USD,Dolares
32,Argentina,Mercado Central de Buenos Aires,2018,Abril,Uva,s/especificar,s/especificar,1.37,USD,Dolares
32,Argentina,Mercado Central de Buenos Aires,2018,Abril,Acelga,s/especificar,s/especificar,0.31,USD,Dolares
32,Argentina,Mercado Central de Buenos Aires,2018,Abril,Ajo,s/especificar,s/especificar,2.07,USD,Dolares
32,Argentina,Mercado Central de Buenos Aires,2018,Abril,Albahaca,s/especificar,s/especificar,0.27,USD,Dolares
32,Argentina,Mercado Central de Buenos Aires,2018,Abril,Apio,s/especificar,s/especificar,1.19,USD,Dolares
32,Argentina,Mercado Central de Buenos Aires,2018,Abril,Arveja,s/especificar,s/especificar,1.64,USD,Dolares
32,Argentina,Mercado Central de Buenos Aires,2018,Abril,Batata,s/especificar,s/especificar,0.44,USD,Dolares
32,Argentina,Mercado Central de Buenos Aires,2018,Abril,Berenjena,s/especificar,s/especificar,0.44,USD,Dolares
32,Argentina,Mercado Central de Buenos Aires,2018,Abril,Brocoli,s/especificar,s/especificar,1.01,USD,Dolares
32,Argentina,Mercado Central de Buenos Aires,2018,Abril,Cebolla,s/especificar,s/especificar,0.42,USD,Dolares
32,Argentina,Mercado Central de Buenos Aires,2018,Abril,Chaucha,s/especificar,s/especificar,1.02,USD,Dolares
32,Argentina,Mercado Central de Buenos Aires,2018,Abril,Choclo,s/especificar,s/especificar,0.53,USD,Dolares
32,Argentina,Mercado Central de Buenos Aires,2018,Abril,Epinaca,s/especificar,s/especificar,1.1,USD,Dolares
32,Argentina,Mercado Central de Buenos Aires,2018,Abril,Lechuga,s/especificar,s/especificar,0.83,USD,Dolares
32,Argentina,Mercado Central de Buenos Aires,2018,Abril,Papa,s/especificar,s/especificar,0.42,USD,Dolares
32,Argentina,Mercado Central de Buenos Aires,2018,Abril,Pepino,s/especificar,s/especificar,0.42,USD,Dolares
32,Argentina,Mercado Central de Buenos Aires,2018,Abril,Perejil,s/especificar,s/especificar,0.67,USD,Dolares
32,Argentina,Mercado Central de Buenos Aires,2018,Abril,Pimiento,s/especificar,s/especificar,1.34,USD,Dolares
32,Argentina,Mercado Central de Buenos Aires,2018,Abril,Radicheta,s/especificar,s/especificar,1.26,USD,Dolares
32,Argentina,Mercado Central de Buenos Aires,2018,Abril,Remolacha,s/especificar,s/especificar,0.33,USD,Dolares
32,Argentina,Mercado Central de Buenos Aires,2018,Abril,Repollo,s/especificar,s/especificar,0.27,USD,Dolares
32,Argentina,Mercado Central de Buenos Aires,2018,Abril,Tomate,s/especificar,s/especificar,0.52,USD,Dolares
32,Argentina,Mercado Central de Buenos Aires,2018,Abril,Zanahoria,s/especificar,s/especificar,0.62,USD,Dolares
32,Argentina,Mercado Central de Buenos Aires,2018,Abril,Zapallito,s/especificar,s/especificar,0.47,USD,Dolares
32,Argentina,Mercado Central de Buenos Aires,2018,Abril,Zapallo,s/especificar,s/especificar,0.33,USD,Dolares
32,Argentina,Mercado Central de Buenos Aires,2018,Mayo,Anana,s/especificar,s/especificar,1.22,USD,Dolares
32,Argentina,Mercado Central de Buenos Aires,2018,Mayo,Banana,s/especificar,s/especificar,0.67,USD,Dolares
32,Argentina,Mercado Central de Buenos Aires,2018,Mayo,Durazno,s/especificar,s/especificar,0.81,USD,Dolares
32,Argentina,Mercado Central de Buenos Aires,2018,Mayo,Frambuesa,s/especificar,s/especificar,10.19,USD,Dolares
32,Argentina,Mercado Central de Buenos Aires,2018,Mayo,Frutilla,s/especificar,s/especificar,6.45,USD,Dolares
32,Argentina,Mercado Central de Buenos Aires,2018,Mayo,Kiwi,s/especificar,s/especificar,2.02,USD,Dolares
32,Argentina,Mercado Central de Buenos Aires,2018,Mayo,Limón,s/especificar,s/especificar,0.55,USD,Dolares
32,Argentina,Mercado Central de Buenos Aires,2018,Mayo,Mandarina,s/especificar,s/especificar,0.62,USD,Dolares
32,Argentina,Mercado Central de Buenos Aires,2018,Mayo,Manzana,s/especificar,s/especificar,0.9,USD,Dolares
32,Argentina,Mercado Central de Buenos Aires,2018,Mayo,Melón,s/especificar,s/especificar,1.08,USD,Dolares
32,Argentina,Mercado Central de Buenos Aires,2018,Mayo,Naranja,s/especificar,s/especificar,0.76,USD,Dolares
32,Argentina,Mercado Central de Buenos Aires,2018,Mayo,Palta,s/especificar,s/especificar,3.97,USD,Dolares
32,Argentina,Mercado Central de Buenos Aires,2018,Mayo,Pera,s/especificar,s/especificar,0.89,USD,Dolares
32,Argentina,Mercado Central de Buenos Aires,2018,Mayo,Pomelo,s/especificar,s/especificar,0.65,USD,Dolares
32,Argentina,Mercado Central de Buenos Aires,2018,Mayo,Uva,s/especificar,s/especificar,1.32,USD,Dolares
32,Argentina,Mercado Central de Buenos Aires,2018,Mayo,Acelga,s/especificar,s/especificar,0.4,USD,Dolares
32,Argentina,Mercado Central de Buenos Aires,2018,Mayo,Ajo,s/especificar,s/especificar,1.58,USD,Dolares
32,Argentina,Mercado Central de Buenos Aires,2018,Mayo,Albahaca,s/especificar,s/especificar,0.25,USD,Dolares
32,Argentina,Mercado Central de Buenos Aires,2018,Mayo,Apio,s/especificar,s/especificar,,USD,Dolares
32,Argentina,Mercado Central de Buenos Aires,2018,Mayo,Arveja,s/especificar,s/especificar,1.07,USD,Dolares
32,Argentina,Mercado Central de Buenos Aires,2018,Mayo,Batata,s/especificar,s/especificar,0.42,USD,Dolares
32,Argentina,Mercado Central de Buenos Aires,2018,Mayo,Berenjena,s/especificar,s/especificar,0.57,USD,Dolares
32,Argentina,Mercado Central de Buenos Aires,2018,Mayo,Brocoli,s/especificar,s/especificar,1.26,USD,Dolares
32,Argentina,Mercado Central de Buenos Aires,2018,Mayo,Cebolla,s/especificar,s/especificar,0.51,USD,Dolares
32,Argentina,Mercado Central de Buenos Aires,2018,Mayo,Chaucha,s/especificar,s/especificar,1.2,USD,Dolares
32,Argentina,Mercado Central de Buenos Aires,2018,Mayo,Choclo,s/especificar,s/especificar,0.37,USD,Dolares
32,Argentina,Mercado Central de Buenos Aires,2018,Mayo,Epinaca,s/especificar,s/especificar,1.3,USD,Dolares
32,Argentina,Mercado Central de Buenos Aires,2018,Mayo,Lechuga,s/especificar,s/especificar,1.4,USD,Dolares
32,Argentina,Mercado Central de Buenos Aires,2018,Mayo,Papa,s/especificar,s/especificar,0.31,USD,Dolares
32,Argentina,Mercado Central de Buenos Aires,2018,Mayo,Pepino,s/especificar,s/especificar,0.5,USD,Dolares
32,Argentina,Mercado Central de Buenos Aires,2018,Mayo,Perejil,s/especificar,s/especificar,0.76,USD,Dolares
32,Argentina,Mercado Central de Buenos Aires,2018,Mayo,Pimiento,s/especificar,s/especificar,0.96,USD,Dolares
32,Argentina,Mercado Central de Buenos Aires,2018,Mayo,Radicheta,s/especificar,s/especificar,2.58,USD,Dolares
32,Argentina,Mercado Central de Buenos Aires,2018,Mayo,Remolacha,s/especificar,s/especificar,0.33,USD,Dolares
32,Argentina,Mercado Central de Buenos Aires,2018,Mayo,Repollo,s/especificar,s/especificar,0.26,USD,Dolares
32,Argentina,Mercado Central de Buenos Aires,2018,Mayo,Tomate,s/especificar,s/especificar,0.39,USD,Dolares
32,Argentina,Mercado Central de Buenos Aires,2018,Mayo,Zanahoria,s/especificar,s/especificar,0.46,USD,Dolares
32,Argentina,Mercado Central de Buenos Aires,2018,Mayo,Zapallito,s/especificar,s/especificar,0.48,USD,Dolares
32,Argentina,Mercado Central de Buenos Aires,2018,Mayo,Zapallo,s/especificar,s/especificar,0.33,USD,Dolares
32,Argentina,Mercado Central de Buenos Aires,2018,Junio,Anana,s/especificar,s/especificar,1.09,USD,Dolares
32,Argentina,Mercado Central de Buenos Aires,2018,Junio,Banana,s/especificar,s/especificar,0.52,USD,Dolares
32,Argentina,Mercado Central de Buenos Aires,2018,Junio,Durazno,s/especificar,s/especificar,,USD,Dolares
32,Argentina,Mercado Central de Buenos Aires,2018,Junio,Frambuesa,s/especificar,s/especificar,,USD,Dolares
32,Argentina,Mercado Central de Buenos Aires,2018,Junio,Frutilla,s/especificar,s/especificar,6.27,USD,Dolares
32,Argentina,Mercado Central de Buenos Aires,2018,Junio,Kiwi,s/especificar,s/especificar,1.72,USD,Dolares
32,Argentina,Mercado Central de Buenos Aires,2018,Junio,Limón,s/especificar,s/especificar,0.48,USD,Dolares
32,Argentina,Mercado Central de Buenos Aires,2018,Junio,Mandarina,s/especificar,s/especificar,0.51,USD,Dolares
32,Argentina,Mercado Central de Buenos Aires,2018,Junio,Manzana,s/especificar,s/especificar,0.87,USD,Dolares
32,Argentina,Mercado Central de Buenos Aires,2018,Junio,Melón,s/especificar,s/especificar,1.04,USD,Dolares
32,Argentina,Mercado Central de Buenos Aires,2018,Junio,Naranja,s/especificar,s/especificar,0.57,USD,Dolares
32,Argentina,Mercado Central de Buenos Aires,2018,Junio,Palta,s/especificar,s/especificar,3.91,USD,Dolares
32,Argentina,Mercado Central de Buenos Aires,2018,Junio,Pera,s/especificar,s/especificar,0.77,USD,Dolares
32,Argentina,Mercado Central de Buenos Aires,2018,Junio,Pomelo,s/especificar,s/especificar,0.56,USD,Dolares
32,Argentina,Mercado Central de Buenos Aires,2018,Junio,Uva,s/especificar,s/especificar,1.75,USD,Dolares
32,Argentina,Mercado Central de Buenos Aires,2018,Junio,Acelga,s/especificar,s/especificar,0.6,USD,Dolares
32,Argentina,Mercado Central de Buenos Aires,2018,Junio,Ajo,s/especificar,s/especificar,1.16,USD,Dolares
32,Argentina,Mercado Central de Buenos Aires,2018,Junio,Albahaca,s/especificar,s/especificar,0.37,USD,Dolares
32,Argentina,Mercado Central de Buenos Aires,2018,Junio,Apio,s/especificar,s/especificar,1.06,USD,Dolares
32,Argentina,Mercado Central de Buenos Aires,2018,Junio,Arveja,s/especificar,s/especificar,1.96,USD,Dolares
32,Argentina,Mercado Central de Buenos Aires,2018,Junio,Batata,s/especificar,s/especificar,0.52,USD,Dolares
32,Argentina,Mercado Central de Buenos Aires,2018,Junio,Berenjena,s/especificar,s/especificar,1.04,USD,Dolares
32,Argentina,Mercado Central de Buenos Aires,2018,Junio,Brocoli,s/especificar,s/especificar,2.14,USD,Dolares
32,Argentina,Mercado Central de Buenos Aires,2018,Junio,Cebolla,s/especificar,s/especificar,0.42,USD,Dolares
32,Argentina,Mercado Central de Buenos Aires,2018,Junio,Chaucha,s/especificar,s/especificar,0.91,USD,Dolares
32,Argentina,Mercado Central de Buenos Aires,2018,Junio,Choclo,s/especificar,s/especificar,0.85,USD,Dolares
32,Argentina,Mercado Central de Buenos Aires,2018,Junio,Epinaca,s/especificar,s/especificar,1.22,USD,Dolares
32,Argentina,Mercado Central de Buenos Aires,2018,Junio,Lechuga,s/especificar,s/especificar,0.97,USD,Dolares
32,Argentina,Mercado Central de Buenos Aires,2018,Junio,Papa,s/especificar,s/especificar,0.27,USD,Dolares
32,Argentina,Mercado Central de Buenos Aires,2018,Junio,Pepino,s/especificar,s/especificar,0.59,USD,Dolares
32,Argentina,Mercado Central de Buenos Aires,2018,Junio,Perejil,s/especificar,s/especificar,0.87,USD,Dolares
32,Argentina,Mercado Central de Buenos Aires,2018,Junio,Pimiento,s/especificar,s/especificar,0.77,USD,Dolares
32,Argentina,Mercado Central de Buenos Aires,2018,Junio,Radicheta,s/especificar,s/especificar,0.8,USD,Dolares
32,Argentina,Mercado Central de Buenos Aires,2018,Junio,Remolacha,s/especificar,s/especificar,0.29,USD,Dolares
32,Argentina,Mercado Central de Buenos Aires,2018,Junio,Repollo,s/especificar,s/especificar,0.25,USD,Dolares
32,Argentina,Mercado Central de Buenos Aires,2018,Junio,Tomate,s/especificar,s/especificar,0.61,USD,Dolares
32,Argentina,Mercado Central de Buenos Aires,2018,Junio,Zanahoria,s/especificar,s/especificar,0.5,USD,Dolares
32,Argentina,Mercado Central de Buenos Aires,2018,Junio,Zapallito,s/especificar,s/especificar,0.82,USD,Dolares
32,Argentina,Mercado Central de Buenos Aires,2018,Junio,Zapallo,s/especificar,s/especificar,0.31,USD,Dolares
32,Argentina,Mercado Central de Buenos Aires,2018,Julio,Anana,s/especificar,s/especificar,1.13,USD,Dolares
32,Argentina,Mercado Central de Buenos Aires,2018,Julio,Banana,s/especificar,s/especificar,0.58,USD,Dolares
32,Argentina,Mercado Central de Buenos Aires,2018,Julio,Durazno,s/especificar,s/especificar,9.11,USD,Dolares
32,Argentina,Mercado Central de Buenos Aires,2018,Julio,Frambuesa,s/especificar,s/especificar,,USD,Dolares
32,Argentina,Mercado Central de Buenos Aires,2018,Julio,Frutilla,s/especificar,s/especificar,4.79,USD,Dolares
32,Argentina,Mercado Central de Buenos Aires,2018,Julio,Kiwi,s/especificar,s/especificar,2.41,USD,Dolares
32,Argentina,Mercado Central de Buenos Aires,2018,Julio,Limón,s/especificar,s/especificar,0.42,USD,Dolares
32,Argentina,Mercado Central de Buenos Aires,2018,Julio,Mandarina,s/especificar,s/especificar,0.52,USD,Dolares
32,Argentina,Mercado Central de Buenos Aires,2018,Julio,Manzana,s/especificar,s/especificar,0.88,USD,Dolares
32,Argentina,Mercado Central de Buenos Aires,2018,Julio,Melón,s/especificar,s/especificar,1.48,USD,Dolares
32,Argentina,Mercado Central de Buenos Aires,2018,Julio,Naranja,s/especificar,s/especificar,0.5,USD,Dolares
32,Argentina,Mercado Central de Buenos Aires,2018,Julio,Palta,s/especificar,s/especificar,3.49,USD,Dolares
32,Argentina,Mercado Central de Buenos Aires,2018,Julio,Pera,s/especificar,s/especificar,0.78,USD,Dolares
32,Argentina,Mercado Central de Buenos Aires,2018,Julio,Pomelo,s/especificar,s/especificar,0.52,USD,Dolares
32,Argentina,Mercado Central de Buenos Aires,2018,Julio,Uva,s/especificar,s/especificar,2.04,USD,Dolares
32,Argentina,Mercado Central de Buenos Aires,2018,Julio,Acelga,s/especificar,s/especificar,0.67,USD,Dolares
32,Argentina,Mercado Central de Buenos Aires,2018,Julio,Ajo,s/especificar,s/especificar,1.28,USD,Dolares
32,Argentina,Mercado Central de Buenos Aires,2018,Julio,Albahaca,s/especificar,s/especificar,0.44,USD,Dolares
32,Argentina,Mercado Central de Buenos Aires,2018,Julio,Apio,s/especificar,s/especificar,1.02,USD,Dolares
32,Argentina,Mercado Central de Buenos Aires,2018,Julio,Arveja,s/especificar,s/especificar,2.14,USD,Dolares
32,Argentina,Mercado Central de Buenos Aires,2018,Julio,Batata,s/especificar,s/especificar,0.49,USD,Dolares
32,Argentina,Mercado Central de Buenos Aires,2018,Julio,Berenjena,s/especificar,s/especificar,0.83,USD,Dolares
32,Argentina,Mercado Central de Buenos Aires,2018,Julio,Brocoli,s/especificar,s/especificar,1.55,USD,Dolares
32,Argentina,Mercado Central de Buenos Aires,2018,Julio,Cebolla,s/especificar,s/especificar,0.41,USD,Dolares
32,Argentina,Mercado Central de Buenos Aires,2018,Julio,Chaucha,s/especificar,s/especificar,1.42,USD,Dolares
32,Argentina,Mercado Central de Buenos Aires,2018,Julio,Choclo,s/especificar,s/especificar,1.77,USD,Dolares
32,Argentina,Mercado Central de Buenos Aires,2018,Julio,Epinaca,s/especificar,s/especificar,0.79,USD,Dolares
32,Argentina,Mercado Central de Buenos Aires,2018,Julio,Lechuga,s/especificar,s/especificar,0.51,USD,Dolares
32,Argentina,Mercado Central de Buenos Aires,2018,Julio,Papa,s/especificar,s/especificar,0.25,USD,Dolares
32,Argentina,Mercado Central de Buenos Aires,2018,Julio,Pepino,s/especificar,s/especificar,0.65,USD,Dolares
32,Argentina,Mercado Central de Buenos Aires,2018,Julio,Perejil,s/especificar,s/especificar,1.12,USD,Dolares
32,Argentina,Mercado Central de Buenos Aires,2018,Julio,Pimiento,s/especificar,s/especificar,1.43,USD,Dolares
32,Argentina,Mercado Central de Buenos Aires,2018,Julio,Radicheta,s/especificar,s/especificar,0.81,USD,Dolares
32,Argentina,Mercado Central de Buenos Aires,2018,Julio,Remolacha,s/especificar,s/especificar,0.35,USD,Dolares
32,Argentina,Mercado Central de Buenos Aires,2018,Julio,Repollo,s/especificar,s/especificar,0.26,USD,Dolares
32,Argentina,Mercado Central de Buenos Aires,2018,Julio,Tomate,s/especificar,s/especificar,1.14,USD,Dolares
32,Argentina,Mercado Central de Buenos Aires,2018,Julio,Zanahoria,s/especificar,s/especificar,0.35,USD,Dolares
32,Argentina,Mercado Central de Buenos Aires,2018,Julio,Zapallito,s/especificar,s/especificar,1.11,USD,Dolares
32,Argentina,Mercado Central de Buenos Aires,2018,Julio,Zapallo,s/especificar,s/especificar,0.3,USD,Dolares
32,Argentina,Mercado Central de Buenos Aires,2018,Agosto,Anana,s/especificar,s/especificar,1.2,USD,Dolares
32,Argentina,Mercado Central de Buenos Aires,2018,Agosto,Banana,s/especificar,s/especificar,0.51,USD,Dolares
32,Argentina,Mercado Central de Buenos Aires,2018,Agosto,Durazno,s/especificar,s/especificar,,USD,Dolares
32,Argentina,Mercado Central de Buenos Aires,2018,Agosto,Frambuesa,s/especificar,s/especificar,,USD,Dolares
32,Argentina,Mercado Central de Buenos Aires,2018,Agosto,Frutilla,s/especificar,s/especificar,3.06,USD,Dolares
32,Argentina,Mercado Central de Buenos Aires,2018,Agosto,Kiwi,s/especificar,s/especificar,1.76,USD,Dolares
32,Argentina,Mercado Central de Buenos Aires,2018,Agosto,Limón,s/especificar,s/especificar,0.36,USD,Dolares
32,Argentina,Mercado Central de Buenos Aires,2018,Agosto,Mandarina,s/especificar,s/especificar,0.45,USD,Dolares
32,Argentina,Mercado Central de Buenos Aires,2018,Agosto,Manzana,s/especificar,s/especificar,0.85,USD,Dolares
32,Argentina,Mercado Central de Buenos Aires,2018,Agosto,Melón,s/especificar,s/especificar,1.39,USD,Dolares
32,Argentina,Mercado Central de Buenos Aires,2018,Agosto,Naranja,s/especificar,s/especificar,0.35,USD,Dolares
32,Argentina,Mercado Central de Buenos Aires,2018,Agosto,Palta,s/especificar,s/especificar,2.6,USD,Dolares
32,Argentina,Mercado Central de Buenos Aires,2018,Agosto,Pera,s/especificar,s/especificar,0.59,USD,Dolares
32,Argentina,Mercado Central de Buenos Aires,2018,Agosto,Pomelo,s/especificar,s/especificar,0.39,USD,Dolares
32,Argentina,Mercado Central de Buenos Aires,2018,Agosto,Uva,s/especificar,s/especificar,2.09,USD,Dolares
32,Argentina,Mercado Central de Buenos Aires,2018,Agosto,Acelga,s/especificar,s/especificar,0.47,USD,Dolares
32,Argentina,Mercado Central de Buenos Aires,2018,Agosto,Ajo,s/especificar,s/especificar,1.65,USD,Dolares
32,Argentina,Mercado Central de Buenos Aires,2018,Agosto,Albahaca,s/especificar,s/especificar,0.44,USD,Dolares
32,Argentina,Mercado Central de Buenos Aires,2018,Agosto,Apio,s/especificar,s/especificar,0.82,USD,Dolares
32,Argentina,Mercado Central de Buenos Aires,2018,Agosto,Arveja,s/especificar,s/especificar,1.1,USD,Dolares
32,Argentina,Mercado Central de Buenos Aires,2018,Agosto,Batata,s/especificar,s/especificar,0.51,USD,Dolares
32,Argentina,Mercado Central de Buenos Aires,2018,Agosto,Berenjena,s/especificar,s/especificar,1.03,USD,Dolares
32,Argentina,Mercado Central de Buenos Aires,2018,Agosto,Brocoli,s/especificar,s/especificar,1.09,USD,Dolares
32,Argentina,Mercado Central de Buenos Aires,2018,Agosto,Cebolla,s/especificar,s/especificar,0.34,USD,Dolares
32,Argentina,Mercado Central de Buenos Aires,2018,Agosto,Chaucha,s/especificar,s/especificar,2.62,USD,Dolares
32,Argentina,Mercado Central de Buenos Aires,2018,Agosto,Choclo,s/especificar,s/especificar,1.66,USD,Dolares
32,Argentina,Mercado Central de Buenos Aires,2018,Agosto,Epinaca,s/especificar,s/especificar,0.64,USD,Dolares
32,Argentina,Mercado Central de Buenos Aires,2018,Agosto,Lechuga,s/especificar,s/especificar,0.33,USD,Dolares
32,Argentina,Mercado Central de Buenos Aires,2018,Agosto,Papa,s/especificar,s/especificar,0.25,USD,Dolares
32,Argentina,Mercado Central de Buenos Aires,2018,Agosto,Pepino,s/especificar,s/especificar,0.91,USD,Dolares
32,Argentina,Mercado Central de Buenos Aires,2018,Agosto,Perejil,s/especificar,s/especificar,0.84,USD,Dolares
32,Argentina,Mercado Central de Buenos Aires,2018,Agosto,Pimiento,s/especificar,s/especificar,2.15,USD,Dolares
32,Argentina,Mercado Central de Buenos Aires,2018,Agosto,Radicheta,s/especificar,s/especificar,0.6,USD,Dolares
32,Argentina,Mercado Central de Buenos Aires,2018,Agosto,Remolacha,s/especificar,s/especificar,0.48,USD,Dolares
32,Argentina,Mercado Central de Buenos Aires,2018,Agosto,Repollo,s/especificar,s/especificar,0.36,USD,Dolares
32,Argentina,Mercado Central de Buenos Aires,2018,Agosto,Tomate,s/especificar,s/especificar,1.15,USD,Dolares
32,Argentina,Mercado Central de Buenos Aires,2018,Agosto,Zanahoria,s/especificar,s/especificar,0.29,USD,Dolares
32,Argentina,Mercado Central de Buenos Aires,2018,Agosto,Zapallito,s/especificar,s/especificar,1.01,USD,Dolares
32,Argentina,Mercado Central de Buenos Aires,2018,Agosto,Zapallo,s/especificar,s/especificar,0.32,USD,Dolares
